l_1775563547_190898205,1180,316.9181823730469,373.4625244140625
l_1775563547_190898205,1181,337.93194580078125,377.2317810058594
l_1775563547_190898205,1182,338.7397766113281,400.0038146972656
l_1775563547_190898205,1183,317.8124084472656,397.0716857910156
l_1775563547_190898205,1280,809.8701171875,408.07958984375
l_1775563547_190898205,1281,825.5238647460938,407.22491455078125
l_1775563547_190898205,1282,825.4925537109375,421.7562255859375
l_1775563547_190898205,1283,809.8482666015625,422.5615234375
l_1775563547_190898205,1300,731.6229248046875,540.5829467773438
l_1775563547_190898205,1301,745.360107421875,541.4267578125
l_1775563547_190898205,1302,744.926025390625,555.1593627929688
l_1775563547_190898205,1303,731.439208984375,554.6033325195312
l_1775563547_190898205,1220,662.5900268554688,446.7379150390625
l_1775563547_190898205,1221,675.203125,446.53839111328125
l_1775563547_190898205,1222,674.859130859375,459.6661682128906
l_1775563547_190898205,1223,662.2406005859375,459.96728515625
l_1775563547_190898205,1340,1082.8916015625,584.8792724609375
l_1775563547_190898205,1341,1105.3983154296875,588.614501953125
l_1775563547_190898205,1342,1101.8271484375,610.8477172851562
l_1775563547_190898205,1343,1079.2188720703125,606.1546020507812
l_1775563547_190898205,1190,914.3760986328125,475.85906982421875
l_1775563547_190898205,1191,932.0311889648438,475.77911376953125
l_1775563547_190898205,1192,932.4056396484375,491.417724609375
l_1775563547_190898205,1193,914.4559936523438,491.3815002441406
l_1775563547_190898205,1260,529.0360107421875,561.7144775390625
l_1775563547_190898205,1261,537.871826171875,558.890625
l_1775563547_190898205,1262,537.8145141601562,572.2351684570312
l_1775563547_190898205,1263,529.3287353515625,575.1771850585938
l_1775563547_290994320,1280,808.7422485351562,409.5027770996094
l_1775563547_290994320,1281,824.385986328125,408.79449462890625
l_1775563547_290994320,1282,824.32763671875,423.4740295410156
l_1775563547_290994320,1283,808.7322998046875,424.0189208984375
l_1775563547_290994320,1300,730.545654296875,541.9591064453125
l_1775563547_290994320,1301,744.27783203125,542.8109130859375
l_1775563547_290994320,1302,744.048828125,556.8604736328125
l_1775563547_290994320,1303,730.5243530273438,556.2051391601562
l_1775563547_290994320,1340,1081.6031494140625,586.132080078125
l_1775563547_290994320,1341,1103.9005126953125,590.0223388671875
l_1775563547_290994320,1342,1100.3521728515625,612.210693359375
l_1775563547_290994320,1343,1078.0057373046875,607.568359375
l_1775563547_290994320,1180,315.75042724609375,375.2733459472656
l_1775563547_290994320,1181,336.758544921875,378.74957275390625
l_1775563547_290994320,1182,337.63262939453125,401.55340576171875
l_1775563547_290994320,1183,316.7686767578125,398.7375793457031
l_1775563547_290994320,1190,913.0960083007812,477.5131530761719
l_1775563547_290994320,1191,930.7530517578125,477.3815612792969
l_1775563547_290994320,1192,931.1112670898438,492.7658386230469
l_1775563547_290994320,1193,913.3182373046875,492.7349548339844
l_1775563547_290994320,1220,661.8028564453125,448.439453125
l_1775563547_290994320,1221,673.8618774414062,448.04058837890625
l_1775563547_290994320,1222,673.7769165039062,461.22314453125
l_1775563547_290994320,1223,661.4476928710938,461.4236755371094
l_1775563547_391183714,1280,808.7586669921875,410.5168151855469
l_1775563547_391183714,1281,824.244384765625,409.89556884765625
l_1775563547_391183714,1282,824.294921875,424.46710205078125
l_1775563547_391183714,1283,808.7861938476562,425.0782470703125
l_1775563547_391183714,1300,730.5413208007812,543.1177368164062
l_1775563547_391183714,1301,744.297607421875,544.043701171875
l_1775563547_391183714,1302,744.0365600585938,557.8698120117188
l_1775563547_391183714,1303,730.5318603515625,557.2355346679688
l_1775563547_391183714,1220,661.7696533203125,449.458251953125
l_1775563547_391183714,1221,673.8917236328125,449.13812255859375
l_1775563547_391183714,1222,673.6114501953125,462.1873779296875
l_1775563547_391183714,1223,661.4246215820312,462.56256103515625
l_1775563547_391183714,1180,315.7803039550781,376.40252685546875
l_1775563547_391183714,1181,336.88641357421875,379.7617492675781
l_1775563547_391183714,1182,337.5893249511719,402.6003723144531
l_1775563547_391183714,1183,316.66021728515625,399.5923767089844
l_1775563547_391183714,1340,1081.9827880859375,587.4447631835938
l_1775563547_391183714,1341,1104.195068359375,591.2064208984375
l_1775563547_391183714,1342,1100.78125,613.2767333984375
l_1775563547_391183714,1343,1078.18701171875,608.7525634765625
l_1775563547_391183714,1190,913.0418701171875,478.4992980957031
l_1775563547_391183714,1191,930.7837524414062,478.4464416503906
l_1775563547_391183714,1192,931.18408203125,493.96038818359375
l_1775563547_391183714,1193,913.3486938476562,493.9168395996094
l_1775563547_491521907,1340,1080.3609619140625,587.7255249023438
l_1775563547_491521907,1341,1102.6502685546875,591.6859130859375
l_1775563547_491521907,1342,1098.918701171875,613.7192993164062
l_1775563547_491521907,1343,1076.712890625,609.28515625
l_1775563547_491521907,1280,807.8115234375,410.9354248046875
l_1775563547_491521907,1281,823.3455200195312,410.4002990722656
l_1775563547_491521907,1282,823.3458251953125,424.9181823730469
l_1775563547_491521907,1283,807.7774047851562,425.5455627441406
l_1775563547_491521907,1220,660.8540649414062,449.5807800292969
l_1775563547_491521907,1221,673.1051025390625,449.3429260253906
l_1775563547_491521907,1222,672.7774047851562,462.4344177246094
l_1775563547_491521907,1223,660.4832763671875,462.68963623046875
l_1775563547_491521907,1260,526.7610473632812,564.35009765625
l_1775563547_491521907,1261,535.5615234375,561.7113647460938
l_1775563547_491521907,1262,536.0005493164062,574.8685302734375
l_1775563547_491521907,1263,527.1992797851562,577.9609375
l_1775563547_491521907,1300,729.610595703125,543.343994140625
l_1775563547_491521907,1301,743.2470092773438,544.329345703125
l_1775563547_491521907,1302,742.9276733398438,558.0569458007812
l_1775563547_491521907,1303,729.54150390625,557.4078979492188
l_1775563547_491521907,1180,314.5909423828125,375.9442443847656
l_1775563547_491521907,1181,335.6047668457031,379.52325439453125
l_1775563547_491521907,1182,336.5365295410156,402.37005615234375
l_1775563547_491521907,1183,315.3756103515625,399.32574462890625
l_1775563547_491521907,1190,912.0242309570312,478.86468505859375
l_1775563547_491521907,1191,929.630126953125,478.7771301269531
l_1775563547_491521907,1192,930.0111694335938,494.49285888671875
l_1775563547_491521907,1193,912.3041381835938,494.3857116699219
l_1775563547_591446238,1280,807.0565795898438,410.81085205078125
l_1775563547_591446238,1281,822.5380249023438,410.2735290527344
l_1775563547_591446238,1282,822.5706176757812,424.73455810546875
l_1775563547_591446238,1283,807.0421752929688,425.48516845703125
l_1775563547_591446238,1300,728.787109375,543.28857421875
l_1775563547_591446238,1301,742.510009765625,544.1952514648438
l_1775563547_591446238,1302,742.29736328125,558.0380859375
l_1775563547_591446238,1303,728.7530517578125,557.3070068359375
l_1775563547_591446238,1220,660.0841674804688,449.6092529296875
l_1775563547_591446238,1221,672.4651489257812,449.2441711425781
l_1775563547_591446238,1222,672.15771484375,462.3721618652344
l_1775563547_591446238,1223,659.7472534179688,462.601318359375
l_1775563547_591446238,1190,911.2859497070312,478.7628173828125
l_1775563547_591446238,1191,928.8659057617188,478.65960693359375
l_1775563547_591446238,1192,929.0330810546875,494.35247802734375
l_1775563547_591446238,1193,911.401123046875,494.2770690917969
l_1775563547_591446238,1340,1079.4437255859375,587.634033203125
l_1775563547_591446238,1341,1101.625,591.511962890625
l_1775563547_591446238,1342,1098.09765625,613.5824584960938
l_1775563547_591446238,1343,1075.7154541015625,608.9540405273438
l_1775563547_591446238,1180,313.480712890625,375.9791564941406
l_1775563547_591446238,1181,334.5660400390625,379.4039306640625
l_1775563547_591446238,1182,335.44805908203125,402.3338317871094
l_1775563547_591446238,1183,314.326904296875,399.3333740234375
l_1775563547_691227216,1180,312.2826843261719,375.5506896972656
l_1775563547_691227216,1181,333.4434509277344,379.11968994140625
l_1775563547_691227216,1182,334.2978210449219,401.9910583496094
l_1775563547_691227216,1183,313.1312255859375,399.1477355957031
l_1775563547_691227216,1280,806.3396606445312,410.5897521972656
l_1775563547_691227216,1281,821.651123046875,410.1222839355469
l_1775563547_691227216,1282,821.7276000976562,424.5768127441406
l_1775563547_691227216,1283,806.1342163085938,425.39154052734375
l_1775563547_691227216,1300,728.162109375,543.020263671875
l_1775563547_691227216,1301,741.718017578125,543.9302978515625
l_1775563547_691227216,1302,741.3873291015625,557.8165283203125
l_1775563547_691227216,1303,727.8267822265625,557.1013793945312
l_1775563547_691227216,1340,1078.1658935546875,587.2926635742188
l_1775563547_691227216,1341,1100.50048828125,591.1342163085938
l_1775563547_691227216,1342,1096.883544921875,613.1035766601562
l_1775563547_691227216,1343,1074.61328125,608.5707397460938
l_1775563547_691227216,1220,659.1735229492188,449.3734130859375
l_1775563547_691227216,1221,671.6386108398438,449.09759521484375
l_1775563547_691227216,1222,671.3330688476562,462.15643310546875
l_1775563547_691227216,1223,658.7817993164062,462.4577331542969
l_1775563547_691227216,1190,910.1015014648438,478.5677185058594
l_1775563547_691227216,1191,927.8673706054688,478.47540283203125
l_1775563547_691227216,1192,928.1541137695312,493.96807861328125
l_1775563547_691227216,1193,910.4374389648438,494.04901123046875
l_1775563547_791239111,1180,313.0426330566406,376.1695251464844
l_1775563547_791239111,1181,334.10687255859375,379.7270202636719
l_1775563547_791239111,1182,334.8505859375,402.56494140625
l_1775563547_791239111,1183,313.7090759277344,399.5692138671875
l_1775563547_791239111,1280,806.8413696289062,411.4847106933594
l_1775563547_791239111,1281,822.4353637695312,410.861572265625
l_1775563547_791239111,1282,822.3558959960938,425.3852233886719
l_1775563547_791239111,1283,806.654541015625,426.1772155761719
l_1775563547_791239111,1300,728.6705322265625,543.8362426757812
l_1775563547_791239111,1301,742.3181762695312,544.729248046875
l_1775563547_791239111,1302,742.0010375976562,558.5968627929688
l_1775563547_791239111,1303,728.4203491210938,557.8758544921875
l_1775563547_791239111,1220,659.8084106445312,449.9739685058594
l_1775563547_791239111,1221,672.0599365234375,449.72100830078125
l_1775563547_791239111,1222,671.881103515625,462.80401611328125
l_1775563547_791239111,1223,659.3709716796875,463.16217041015625
l_1775563547_791239111,1340,1079.1759033203125,588.3142700195312
l_1775563547_791239111,1341,1101.4696044921875,592.1865234375
l_1775563547_791239111,1342,1098.004638671875,614.3197021484375
l_1775563547_791239111,1343,1075.7581787109375,609.7040405273438
l_1775563547_891502754,1340,1081.1669921875,588.4324951171875
l_1775563547_891502754,1341,1103.6065673828125,592.341552734375
l_1775563547_891502754,1342,1100.15625,614.5435180664062
l_1775563547_891502754,1343,1077.753662109375,609.8222045898438
l_1775563547_891502754,1190,912.44140625,479.1706237792969
l_1775563547_891502754,1191,930.2561645507812,479.0770568847656
l_1775563547_891502754,1192,930.4895629882812,494.6573791503906
l_1775563547_891502754,1193,912.7051391601562,494.5872497558594
l_1775563547_891502754,1280,808.2752075195312,410.9931640625
l_1775563547_891502754,1281,823.6363525390625,410.4165344238281
l_1775563547_891502754,1282,823.6935424804688,424.8691711425781
l_1775563547_891502754,1283,808.2296752929688,425.5728454589844
l_1775563547_891502754,1300,729.6925048828125,543.4722900390625
l_1775563547_891502754,1301,743.4073486328125,544.5280151367188
l_1775563547_891502754,1302,743.1561279296875,558.263427734375
l_1775563547_891502754,1303,729.6600341796875,557.6399536132812
l_1775563547_891502754,1220,660.9281005859375,449.5767517089844
l_1775563547_891502754,1221,673.2556762695312,449.3070983886719
l_1775563547_891502754,1222,672.9986572265625,462.3871765136719
l_1775563547_891502754,1223,660.5841674804688,462.6407775878906
l_1775563547_891502754,1180,314.36053466796875,375.5238952636719
l_1775563547_891502754,1181,335.2459411621094,378.9275817871094
l_1775563547_891502754,1182,336.09918212890625,401.8695373535156
l_1775563547_891502754,1183,315.1057434082031,398.8389587402344
l_1775563547_891502754,1260,526.7719116210938,564.6267700195312
l_1775563547_891502754,1261,535.5756225585938,561.576171875
l_1775563547_891502754,1262,536.4861450195312,575.3358154296875
l_1775563547_891502754,1263,527.2232055664062,577.9073486328125
l_1775563547_991186991,1300,732.933349609375,543.1248168945312
l_1775563547_991186991,1301,746.5421142578125,543.994873046875
l_1775563547_991186991,1302,746.2766723632812,557.7544555664062
l_1775563547_991186991,1303,732.5931396484375,557.161376953125
l_1775563547_991186991,1260,529.6859130859375,563.6830444335938
l_1775563547_991186991,1261,538.488037109375,561.0877685546875
l_1775563547_991186991,1262,538.8235473632812,574.2809448242188
l_1775563547_991186991,1263,529.858154296875,577.2799682617188
l_1775563547_991186991,1280,811.679931640625,410.3332214355469
l_1775563547_991186991,1281,827.3970947265625,409.6353454589844
l_1775563547_991186991,1282,827.1727294921875,424.2623596191406
l_1775563547_991186991,1283,811.5560302734375,424.96783447265625
l_1775563547_991186991,1180,317.6997375488281,374.7130432128906
l_1775563547_991186991,1181,338.9376220703125,378.52410888671875
l_1775563547_991186991,1182,339.7410583496094,401.3488464355469
l_1775563547_991186991,1183,318.63470458984375,398.33001708984375
l_1775563547_991186991,1190,916.4295043945312,478.60565185546875
l_1775563547_991186991,1191,934.2902221679688,478.49078369140625
l_1775563547_991186991,1192,934.5036010742188,494.3780517578125
l_1775563547_991186991,1193,916.5361328125,494.2003479003906
l_1775563547_991186991,1340,1086.4959716796875,588.6773681640625
l_1775563547_991186991,1341,1109.08349609375,592.6288452148438
l_1775563547_991186991,1342,1105.4573974609375,614.6278686523438
l_1775563547_991186991,1343,1082.787353515625,610.2098999023438
l_1775563548_091531338,1340,1093.1307373046875,590.6221923828125
l_1775563548_091531338,1341,1115.923095703125,594.7328491210938
l_1775563548_091531338,1342,1112.332763671875,617.1638793945312
l_1775563548_091531338,1343,1089.4954833984375,612.2045288085938
l_1775563548_091531338,1190,921.3824462890625,479.6063232421875
l_1775563548_091531338,1191,939.3154296875,479.5995178222656
l_1775563548_091531338,1192,939.5680541992188,495.4744873046875
l_1775563548_091531338,1193,921.5543823242188,495.2907409667969
l_1775563548_091531338,1280,816.0384521484375,410.9083557128906
l_1775563548_091531338,1281,831.7656860351562,410.2635498046875
l_1775563548_091531338,1282,831.6567993164062,424.79339599609375
l_1775563548_091531338,1283,815.9306030273438,425.5330810546875
l_1775563548_091531338,1300,736.7410278320312,543.8478393554688
l_1775563548_091531338,1301,750.4069213867188,544.7221069335938
l_1775563548_091531338,1302,749.9241333007812,558.546142578125
l_1775563548_091531338,1303,736.371826171875,557.9261474609375
l_1775563548_091531338,1220,667.7811889648438,449.35357666015625
l_1775563548_091531338,1221,679.956787109375,449.0633850097656
l_1775563548_091531338,1222,679.7573852539062,462.1796875
l_1775563548_091531338,1223,667.2589721679688,462.44390869140625
l_1775563548_091531338,1180,322.608642578125,374.6607666015625
l_1775563548_091531338,1181,343.51422119140625,378.41015625
l_1775563548_091531338,1182,344.358154296875,401.38311767578125
l_1775563548_091531338,1183,323.5419616699219,398.16851806640625
l_1775563548_191460274,1340,1093.2745361328125,593.1884765625
l_1775563548_191460274,1341,1116.32470703125,597.370361328125
l_1775563548_191460274,1342,1112.5865478515625,619.6760864257812
l_1775563548_191460274,1343,1089.5848388671875,614.7939453125
l_1775563548_191460274,1280,816.216796875,412.47723388671875
l_1775563548_191460274,1281,831.9490356445312,411.7958068847656
l_1775563548_191460274,1282,831.7703857421875,426.53228759765625
l_1775563548_191460274,1283,816.0875244140625,427.0515441894531
l_1775563548_191460274,1300,736.37841796875,545.15966796875
l_1775563548_191460274,1301,750.1237182617188,546.3002319335938
l_1775563548_191460274,1302,749.741455078125,560.0211791992188
l_1775563548_191460274,1303,736.0894165039062,559.2045288085938
l_1775563548_191460274,1220,667.596435546875,450.4524841308594
l_1775563548_191460274,1221,679.927978515625,450.2922058105469
l_1775563548_191460274,1222,679.5542602539062,463.53741455078125
l_1775563548_191460274,1223,667.1011352539062,463.6407470703125
l_1775563548_191460274,1180,322.52679443359375,374.9187316894531
l_1775563548_191460274,1181,343.4548645019531,378.5003967285156
l_1775563548_191460274,1182,344.1505432128906,401.5240478515625
l_1775563548_191460274,1183,323.087158203125,398.3728332519531
l_1775563548_191460274,1190,921.3233032226562,481.5775451660156
l_1775563548_191460274,1191,939.3814086914062,481.5966796875
l_1775563548_191460274,1192,939.5355834960938,497.48846435546875
l_1775563548_191460274,1193,921.4681396484375,497.1239318847656
l_1775563548_291458533,1190,923.605224609375,481.2097473144531
l_1775563548_291458533,1191,941.7492065429688,481.3128662109375
l_1775563548_291458533,1192,941.9231567382812,497.2308654785156
l_1775563548_291458533,1193,923.70556640625,496.834228515625
l_1775563548_291458533,1280,818.2737426757812,411.81573486328125
l_1775563548_291458533,1281,834.1742553710938,411.29241943359375
l_1775563548_291458533,1282,833.8665771484375,425.94512939453125
l_1775563548_291458533,1283,818.0996704101562,426.53497314453125
l_1775563548_291458533,1300,737.9805908203125,544.6532592773438
l_1775563548_291458533,1301,751.71630859375,545.6591796875
l_1775563548_291458533,1302,751.3475341796875,559.5186767578125
l_1775563548_291458533,1303,737.6917724609375,558.6705932617188
l_1775563548_291458533,1180,324.4114685058594,373.4176330566406
l_1775563548_291458533,1181,345.1791687011719,377.21783447265625
l_1775563548_291458533,1182,345.8638610839844,400.023193359375
l_1775563548_291458533,1183,324.99383544921875,396.9264831542969
l_1775563548_291458533,1220,669.338623046875,449.6485290527344
l_1775563548_291458533,1221,681.658447265625,449.4358825683594
l_1775563548_291458533,1222,681.278076171875,462.62896728515625
l_1775563548_291458533,1223,668.7884521484375,462.8431701660156
l_1775563548_291458533,1340,1096.3299560546875,593.6358642578125
l_1775563548_291458533,1341,1119.4290771484375,597.677978515625
l_1775563548_291458533,1342,1115.5751953125,620.1743774414062
l_1775563548_291458533,1343,1092.5965576171875,615.36767578125
l_1775563548_390985158,1340,1098.47705078125,593.693115234375
l_1775563548_390985158,1341,1121.6407470703125,597.8168334960938
l_1775563548_390985158,1342,1117.6004638671875,620.2680053710938
l_1775563548_390985158,1343,1094.3330078125,615.1764526367188
l_1775563548_390985158,1280,820.045166015625,410.568115234375
l_1775563548_390985158,1281,835.9674682617188,409.99749755859375
l_1775563548_390985158,1282,835.685546875,424.62335205078125
l_1775563548_390985158,1283,819.7518310546875,425.3037414550781
l_1775563548_390985158,1300,739.0078735351562,543.4183959960938
l_1775563548_390985158,1301,752.8929443359375,544.5413208007812
l_1775563548_390985158,1302,752.5003051757812,558.3541870117188
l_1775563548_390985158,1303,738.7116088867188,557.5636596679688
l_1775563548_390985158,1220,670.5640869140625,448.0724792480469
l_1775563548_390985158,1221,682.9695434570312,447.9122314453125
l_1775563548_390985158,1222,682.5513916015625,460.99530029296875
l_1775563548_390985158,1223,669.9992065429688,461.2280578613281
l_1775563548_390985158,1190,925.4950561523438,480.44549560546875
l_1775563548_390985158,1191,943.718505859375,480.5793151855469
l_1775563548_390985158,1192,943.8233642578125,496.522216796875
l_1775563548_390985158,1193,925.6509399414062,496.1062316894531
l_1775563548_390985158,1180,325.41766357421875,370.6595153808594
l_1775563548_390985158,1181,346.4681701660156,374.5363464355469
l_1775563548_390985158,1182,347.0822448730469,397.6175231933594
l_1775563548_390985158,1183,326.15966796875,394.3294982910156
l_1775563548_490842787,1340,1103.9078369140625,596.1135864257812
l_1775563548_490842787,1341,1127.4737548828125,600.3997192382812
l_1775563548_490842787,1342,1123.3804931640625,622.9089965820312
l_1775563548_490842787,1343,1100.0052490234375,617.8388671875
l_1775563548_490842787,1180,329.1306457519531,370.2567138671875
l_1775563548_490842787,1181,349.7340393066406,373.97503662109375
l_1775563548_490842787,1182,350.30938720703125,397.0443420410156
l_1775563548_490842787,1183,329.548095703125,393.75592041015625
l_1775563548_490842787,1280,823.6321411132812,411.1656188964844
l_1775563548_490842787,1281,839.6162109375,410.6363830566406
l_1775563548_490842787,1282,839.4935302734375,425.50042724609375
l_1775563548_490842787,1283,823.4719848632812,425.87713623046875
l_1775563548_490842787,1300,741.924560546875,544.05419921875
l_1775563548_490842787,1301,755.7206420898438,545.1590576171875
l_1775563548_490842787,1302,755.2933349609375,559.1189575195312
l_1775563548_490842787,1303,741.5103759765625,558.21728515625
l_1775563548_490842787,1190,929.3933715820312,481.56103515625
l_1775563548_490842787,1191,947.8453979492188,481.5975646972656
l_1775563548_490842787,1192,947.8768310546875,497.66949462890625
l_1775563548_490842787,1193,929.528076171875,497.32489013671875
l_1775563548_591353732,1340,1103.2244873046875,596.3363037109375
l_1775563548_591353732,1341,1126.5076904296875,600.7120971679688
l_1775563548_591353732,1342,1122.5340576171875,623.3984375
l_1775563548_591353732,1343,1099.0919189453125,617.9883422851562
l_1775563548_591353732,1280,823.095703125,410.8068542480469
l_1775563548_591353732,1281,839.0093383789062,410.3327331542969
l_1775563548_591353732,1282,838.7189331054688,425.2372741699219
l_1775563548_591353732,1283,822.9180908203125,425.4552917480469
l_1775563548_591353732,1300,740.9903564453125,543.8026123046875
l_1775563548_591353732,1301,754.841552734375,544.8650512695312
l_1775563548_591353732,1302,754.3350830078125,558.858642578125
l_1775563548_591353732,1303,740.5558471679688,557.8078002929688
l_1775563548_591353732,1220,672.6615600585938,447.6617431640625
l_1775563548_591353732,1221,685.0379638671875,447.650146484375
l_1775563548_591353732,1222,684.6265258789062,460.7961730957031
l_1775563548_591353732,1223,671.9859619140625,460.87176513671875
l_1775563548_591353732,1180,327.3233642578125,368.56292724609375
l_1775563548_591353732,1181,348.05615234375,372.4978332519531
l_1775563548_591353732,1182,348.6476745605469,395.625244140625
l_1775563548_591353732,1183,327.76922607421875,392.308349609375
l_1775563548_591353732,1190,928.6669921875,481.5806579589844
l_1775563548_591353732,1191,947.0233154296875,481.717529296875
l_1775563548_591353732,1192,947.2032470703125,497.6549987792969
l_1775563548_591353732,1193,928.6548461914062,497.2058410644531
l_1775563548_691211080,1280,824.3194580078125,409.7364196777344
l_1775563548_691211080,1281,840.4501953125,409.3372802734375
l_1775563548_691211080,1282,840.2954711914062,424.08544921875
l_1775563548_691211080,1283,824.1477661132812,424.5179138183594
l_1775563548_691211080,1300,742.3671875,542.970703125
l_1775563548_691211080,1301,756.2755126953125,544.0580444335938
l_1775563548_691211080,1302,755.6395874023438,558.2268676757812
l_1775563548_691211080,1303,741.9049682617188,557.3446044921875
l_1775563548_691211080,1220,673.5676879882812,446.9013977050781
l_1775563548_691211080,1221,686.068115234375,446.9383544921875
l_1775563548_691211080,1222,685.64013671875,460.2093200683594
l_1775563548_691211080,1223,672.8776245117188,460.38568115234375
l_1775563548_691211080,1340,1106.2344970703125,595.3053588867188
l_1775563548_691211080,1341,1130.084716796875,599.517333984375
l_1775563548_691211080,1342,1126.00146484375,622.3185424804688
l_1775563548_691211080,1343,1101.8863525390625,616.8513793945312
l_1775563548_691211080,1190,930.5830078125,480.35736083984375
l_1775563548_691211080,1191,948.999755859375,480.475830078125
l_1775563548_691211080,1192,948.8895263671875,496.52508544921875
l_1775563548_691211080,1193,930.6057739257812,496.2296447753906
l_1775563548_691211080,1180,327.5274658203125,368.3907470703125
l_1775563548_691211080,1181,348.52362060546875,372.5010986328125
l_1775563548_691211080,1182,349.0181579589844,395.49169921875
l_1775563548_691211080,1183,327.9557189941406,392.3967590332031
l_1775563548_790889732,1340,1110.546875,591.9699096679688
l_1775563548_790889732,1341,1134.4815673828125,596.2326049804688
l_1775563548_790889732,1342,1130.3935546875,618.895263671875
l_1775563548_790889732,1343,1106.1851806640625,613.7675170898438
l_1775563548_790889732,1280,826.2574462890625,406.7267761230469
l_1775563548_790889732,1281,842.1557006835938,406.2886657714844
l_1775563548_790889732,1282,842.0297241210938,421.1679382324219
l_1775563548_790889732,1283,826.029296875,421.56243896484375
l_1775563548_790889732,1300,744.1430053710938,540.7789306640625
l_1775563548_790889732,1301,758.14111328125,541.8518676757812
l_1775563548_790889732,1302,757.6773681640625,555.8915405273438
l_1775563548_790889732,1303,743.8482055664062,555.1344604492188
l_1775563548_790889732,1220,674.8521728515625,444.9096984863281
l_1775563548_790889732,1221,687.5260620117188,444.762939453125
l_1775563548_790889732,1222,687.0424194335938,457.9540100097656
l_1775563548_790889732,1223,674.4060668945312,458.1279296875
l_1775563548_790889732,1180,327.4150695800781,367.5518798828125
l_1775563548_790889732,1181,348.52337646484375,371.3559265136719
l_1775563548_790889732,1182,349.28875732421875,394.5536804199219
l_1775563548_790889732,1183,328.1395568847656,391.4140319824219
l_1775563548_891492685,1340,1111.3802490234375,590.3270874023438
l_1775563548_891492685,1341,1135.594482421875,594.67431640625
l_1775563548_891492685,1342,1131.4400634765625,617.2747802734375
l_1775563548_891492685,1343,1107.328125,612.4136962890625
l_1775563548_891492685,1180,324.60955810546875,368.03753662109375
l_1775563548_891492685,1181,345.96478271484375,371.6839904785156
l_1775563548_891492685,1182,346.9089050292969,395.0228576660156
l_1775563548_891492685,1183,325.6505432128906,391.9898376464844
l_1775563548_891492685,1190,932.8872680664062,475.8083801269531
l_1775563548_891492685,1191,951.5966186523438,475.88983154296875
l_1775563548_891492685,1192,951.5823364257812,491.9719543457031
l_1775563548_891492685,1193,933.0676879882812,491.6036071777344
l_1775563548_891492685,1280,825.66796875,405.7320556640625
l_1775563548_891492685,1281,841.6320190429688,405.0904235839844
l_1775563548_891492685,1282,841.5477905273438,420.0595703125
l_1775563548_891492685,1283,825.500732421875,420.5212707519531
l_1775563548_891492685,1300,743.8062744140625,540.358642578125
l_1775563548_891492685,1301,757.885009765625,541.3888549804688
l_1775563548_891492685,1302,757.5537719726562,555.410400390625
l_1775563548_891492685,1303,743.6729736328125,554.567626953125
l_1775563548_991378158,1340,1105.3250732421875,591.9593505859375
l_1775563548_991378158,1341,1129.5054931640625,596.4161987304688
l_1775563548_991378158,1342,1125.3687744140625,619.1067504882812
l_1775563548_991378158,1343,1101.5787353515625,613.9378662109375
l_1775563548_991378158,1280,821.5331420898438,406.50445556640625
l_1775563548_991378158,1281,837.6533203125,405.9104919433594
l_1775563548_991378158,1282,837.4969482421875,421.07855224609375
l_1775563548_991378158,1283,821.3089599609375,421.4837341308594
l_1775563548_991378158,1300,739.439697265625,540.85888671875
l_1775563548_991378158,1301,753.3282470703125,541.9547119140625
l_1775563548_991378158,1302,753.05859375,556.0698852539062
l_1775563548_991378158,1303,739.0675048828125,555.24609375
l_1775563548_991378158,1190,928.3372802734375,477.3390197753906
l_1775563548_991378158,1191,946.7789916992188,477.4512939453125
l_1775563548_991378158,1192,946.7179565429688,493.3150329589844
l_1775563548_991378158,1193,928.4188842773438,492.8850402832031
l_1775563548_991378158,1180,317.6408996582031,365.5845642089844
l_1775563548_991378158,1181,339.4161682128906,369.5565185546875
l_1775563548_991378158,1182,340.2520751953125,393.328857421875
l_1775563548_991378158,1183,318.4292907714844,389.94000244140625
l_1775563549_091581482,1340,1103.7470703125,594.3340454101562
l_1775563549_091581482,1341,1127.7542724609375,598.8817749023438
l_1775563549_091581482,1342,1123.7244873046875,621.737548828125
l_1775563549_091581482,1343,1099.574462890625,616.4067993164062
l_1775563549_091581482,1280,820.6766967773438,406.4171447753906
l_1775563549_091581482,1281,836.8475341796875,405.84832763671875
l_1775563549_091581482,1282,836.4796752929688,420.9996643066406
l_1775563549_091581482,1283,820.3614501953125,421.3386535644531
l_1775563549_091581482,1300,737.440185546875,540.5588989257812
l_1775563549_091581482,1301,751.3502197265625,541.7785034179688
l_1775563549_091581482,1302,750.69775390625,555.6990966796875
l_1775563549_091581482,1303,736.7263793945312,554.822509765625
l_1775563549_091581482,1220,668.47900390625,443.45709228515625
l_1775563549_091581482,1221,681.141357421875,443.4510803222656
l_1775563549_091581482,1222,680.4772338867188,456.7731018066406
l_1775563549_091581482,1223,667.795166015625,456.9361267089844
l_1775563549_091581482,1260,530.1893310546875,558.4932250976562
l_1775563549_091581482,1261,539.1011352539062,556.1578369140625
l_1775563549_091581482,1262,539.4588623046875,569.408935546875
l_1775563549_091581482,1263,530.16943359375,572.2919311523438
l_1775563549_091581482,1190,926.953125,477.895263671875
l_1775563549_091581482,1191,945.51220703125,478.3271179199219
l_1775563549_091581482,1192,945.3945922851562,494.42822265625
l_1775563549_091581482,1193,927.0162963867188,493.8780212402344
l_1775563549_091581482,1180,314.0852355957031,361.1203918457031
l_1775563549_091581482,1181,335.8808898925781,365.3912353515625
l_1775563549_091581482,1182,336.4856262207031,389.1571044921875
l_1775563549_091581482,1183,314.6316833496094,385.7410888671875
l_1775563549_191486372,1340,1110.4456787109375,596.6160278320312
l_1775563549_191486372,1341,1134.8321533203125,601.4194946289062
l_1775563549_191486372,1342,1130.4259033203125,624.37451171875
l_1775563549_191486372,1343,1105.94384765625,618.7086181640625
l_1775563549_191486372,1280,824.0702514648438,406.46771240234375
l_1775563549_191486372,1281,840.21044921875,406.2384033203125
l_1775563549_191486372,1282,839.8929443359375,421.3534240722656
l_1775563549_191486372,1283,823.6260375976562,421.47705078125
l_1775563549_191486372,1300,739.6652221679688,541.2560424804688
l_1775563549_191486372,1301,753.7501220703125,542.4405517578125
l_1775563549_191486372,1302,753.3167114257812,556.7078247070312
l_1775563549_191486372,1303,739.3580322265625,555.7321166992188
l_1775563549_191486372,1180,314.5123596191406,360.1655578613281
l_1775563549_191486372,1181,336.6686706542969,364.5814514160156
l_1775563549_191486372,1182,337.253662109375,388.29888916015625
l_1775563549_191486372,1183,315.337158203125,384.8714294433594
l_1775563549_191486372,1260,531.8071899414062,559.1879272460938
l_1775563549_191486372,1261,540.54150390625,556.3945922851562
l_1775563549_191486372,1262,540.7701416015625,569.751220703125
l_1775563549_191486372,1263,531.704833984375,572.6063842773438
l_1775563549_291549449,1280,826.621337890625,406.2728576660156
l_1775563549_291549449,1281,842.9393920898438,405.6991271972656
l_1775563549_291549449,1282,842.5331420898438,421.016845703125
l_1775563549_291549449,1283,826.225830078125,421.4002380371094
l_1775563549_291549449,1300,741.6002807617188,541.7380981445312
l_1775563549_291549449,1301,755.8599853515625,542.9107055664062
l_1775563549_291549449,1302,755.224853515625,557.248291015625
l_1775563549_291549449,1303,741.0693969726562,556.1987915039062
l_1775563549_291549449,1220,672.391845703125,443.44525146484375
l_1775563549_291549449,1221,684.88134765625,443.5115966796875
l_1775563549_291549449,1222,684.4021606445312,456.9583435058594
l_1775563549_291549449,1223,671.632568359375,457.0090026855469
l_1775563549_291549449,1180,313.4894714355469,359.08709716796875
l_1775563549_291549449,1181,335.869384765625,363.35186767578125
l_1775563549_291549449,1182,336.4387512207031,387.5102233886719
l_1775563549_291549449,1183,314.04852294921875,383.9204406738281
l_1775563549_291549449,1340,1116.3704833984375,598.0821533203125
l_1775563549_291549449,1341,1141.25537109375,603.03076171875
l_1775563549_291549449,1342,1136.8907470703125,626.2575073242188
l_1775563549_291549449,1343,1111.8267822265625,620.65185546875
l_1775563549_291549449,1190,934.4917602539062,479.0044250488281
l_1775563549_291549449,1191,953.4794311523438,479.2493591308594
l_1775563549_291549449,1192,953.3427124023438,495.64422607421875
l_1775563549_291549449,1193,934.4906616210938,495.2092590332031
l_1775563549_391516290,1280,831.5812377929688,409.20599365234375
l_1775563549_391516290,1281,848.25,408.67138671875
l_1775563549_391516290,1282,847.7958984375,424.0643005371094
l_1775563549_391516290,1283,831.15234375,424.371826171875
l_1775563549_391516290,1300,745.6840209960938,545.427978515625
l_1775563549_391516290,1301,760.1429443359375,546.701904296875
l_1775563549_391516290,1302,759.3628540039062,561.1489868164062
l_1775563549_391516290,1303,745.2029418945312,560.0089721679688
l_1775563549_391516290,1340,1126.8634033203125,604.1611938476562
l_1775563549_391516290,1341,1152.4271240234375,609.3816528320312
l_1775563549_391516290,1342,1148.2332763671875,633.0563354492188
l_1775563549_391516290,1343,1122.4444580078125,627.0682983398438
l_1775563549_391516290,1190,940.8604736328125,482.7736511230469
l_1775563549_391516290,1191,959.9515380859375,483.1835021972656
l_1775563549_391516290,1192,960.024169921875,499.5835876464844
l_1775563549_391516290,1193,940.872314453125,498.94561767578125
l_1775563549_391516290,1220,675.9961547851562,446.46923828125
l_1775563549_391516290,1221,688.7631225585938,446.39459228515625
l_1775563549_391516290,1222,688.234130859375,460.09771728515625
l_1775563549_391516290,1223,675.3455200195312,460.0419921875
l_1775563549_391516290,1180,315.6427001953125,360.4263916015625
l_1775563549_391516290,1181,338.1550598144531,364.97711181640625
l_1775563549_391516290,1182,338.63568115234375,389.2308654785156
l_1775563549_391516290,1183,316.1603698730469,385.4217224121094
l_1775563549_491489586,1180,308.9189453125,360.29254150390625
l_1775563549_491489586,1181,332.0587158203125,365.0763244628906
l_1775563549_491489586,1182,332.3654479980469,389.4476318359375
l_1775563549_491489586,1183,309.3515319824219,385.4529113769531
l_1775563549_491489586,1190,939.3665771484375,486.05316162109375
l_1775563549_491489586,1191,958.5838623046875,486.4927062988281
l_1775563549_491489586,1192,958.5452880859375,503.1181335449219
l_1775563549_491489586,1193,939.299072265625,502.4403381347656
l_1775563549_491489586,1280,829.7271728515625,411.7826232910156
l_1775563549_491489586,1281,846.4122314453125,411.5980529785156
l_1775563549_491489586,1282,846.0235595703125,426.841552734375
l_1775563549_491489586,1283,829.4495849609375,427.1503601074219
l_1775563549_491489586,1300,743.4142456054688,548.5565185546875
l_1775563549_491489586,1301,757.6817016601562,549.8425903320312
l_1775563549_491489586,1302,757.0563354492188,564.3727416992188
l_1775563549_491489586,1303,742.9129028320312,563.162841796875
l_1775563549_491489586,1220,673.5272827148438,448.7773132324219
l_1775563549_491489586,1221,686.4761962890625,448.8022766113281
l_1775563549_491489586,1222,685.857177734375,462.50885009765625
l_1775563549_491489586,1223,672.8637084960938,462.4269714355469
l_1775563549_491489586,1260,531.3758544921875,565.32177734375
l_1775563549_491489586,1261,540.510986328125,562.2084350585938
l_1775563549_491489586,1262,540.3736572265625,576.0671997070312
l_1775563549_491489586,1263,531.3231811523438,578.9677124023438
l_1775563549_491489586,1340,1126.6409912109375,609.0452880859375
l_1775563549_491489586,1341,1152.504638671875,614.0804443359375
l_1775563549_491489586,1342,1148.1923828125,637.8946533203125
l_1775563549_491489586,1343,1122.278564453125,631.8412475585938
l_1775563549_591399846,1180,307.52276611328125,359.97393798828125
l_1775563549_591399846,1181,330.5968322753906,364.6571350097656
l_1775563549_591399846,1182,330.8154602050781,389.2677307128906
l_1775563549_591399846,1183,307.6835021972656,385.33013916015625
l_1775563549_591399846,1190,943.3751831054688,486.08599853515625
l_1775563549_591399846,1191,962.9664916992188,486.5599060058594
l_1775563549_591399846,1192,962.8009033203125,503.29205322265625
l_1775563549_591399846,1193,943.3201293945312,502.6783447265625
l_1775563549_591399846,1280,832.6139526367188,411.42669677734375
l_1775563549_591399846,1281,849.4009399414062,411.17578125
l_1775563549_591399846,1282,849.0888061523438,426.5874938964844
l_1775563549_591399846,1283,832.2639770507812,426.8419189453125
l_1775563549_591399846,1300,745.5471801757812,549.1649780273438
l_1775563549_591399846,1301,760.14111328125,550.443603515625
l_1775563549_591399846,1302,759.3916625976562,564.9690551757812
l_1775563549_591399846,1303,745.06689453125,563.8136596679688
l_1775563549_591399846,1340,1133.9305419921875,610.422607421875
l_1775563549_591399846,1341,1160.5159912109375,615.6484985351562
l_1775563549_591399846,1342,1156.2496337890625,639.7547607421875
l_1775563549_591399846,1343,1129.435791015625,633.5758056640625
l_1775563549_691076755,1220,681.6094360351562,447.6989440917969
l_1775563549_691076755,1221,694.6278076171875,447.68585205078125
l_1775563549_691076755,1222,694.2102661132812,461.47454833984375
l_1775563549_691076755,1223,680.8117065429688,461.4781188964844
l_1775563549_691076755,1190,953.44970703125,484.6942443847656
l_1775563549_691076755,1191,973.4613037109375,485.20867919921875
l_1775563549_691076755,1192,973.5337524414062,501.9627685546875
l_1775563549_691076755,1193,953.5064697265625,501.4197692871094
l_1775563549_691076755,1340,1149.7659912109375,611.22314453125
l_1775563549_691076755,1341,1177.5460205078125,616.5322265625
l_1775563549_691076755,1342,1172.711669921875,641.191650390625
l_1775563549_691076755,1343,1145.3153076171875,634.8218383789062
l_1775563549_691076755,1300,752.7167358398438,548.706787109375
l_1775563549_691076755,1301,767.3945922851562,549.9881591796875
l_1775563549_691076755,1302,766.6939086914062,564.6614379882812
l_1775563549_691076755,1303,752.2219848632812,563.529052734375
l_1775563549_691076755,1180,311.7363586425781,359.7808532714844
l_1775563549_691076755,1181,335.1133728027344,364.47869873046875
l_1775563549_691076755,1182,335.5586242675781,389.0657653808594
l_1775563549_691076755,1183,311.9718322753906,385.1755065917969
l_1775563549_691076755,1280,840.609375,409.41973876953125
l_1775563549_691076755,1281,857.5899047851562,409.1453552246094
l_1775563549_691076755,1282,857.3222045898438,424.70458984375
l_1775563549_691076755,1283,840.384033203125,425.0133361816406
l_1775563549_791189170,1190,955.886962890625,481.46258544921875
l_1775563549_791189170,1191,976.029052734375,481.80792236328125
l_1775563549_791189170,1192,975.8553466796875,499.0006408691406
l_1775563549_791189170,1193,955.8253173828125,498.37060546875
l_1775563549_791189170,1280,842.326904296875,405.65484619140625
l_1775563549_791189170,1281,859.516845703125,405.2928466796875
l_1775563549_791189170,1282,859.1561889648438,420.9952697753906
l_1775563549_791189170,1283,841.77880859375,421.44708251953125
l_1775563549_791189170,1300,753.5191040039062,545.7518310546875
l_1775563549_791189170,1301,768.1959228515625,546.9594116210938
l_1775563549_791189170,1302,767.6876831054688,561.748046875
l_1775563549_791189170,1303,752.9073486328125,560.5833740234375
l_1775563549_791189170,1220,682.0822143554688,444.186279296875
l_1775563549_791189170,1221,695.1641845703125,444.2308654785156
l_1775563549_791189170,1222,694.5574340820312,458.0592041015625
l_1775563549_791189170,1223,681.3175048828125,457.9687805175781
l_1775563549_791189170,1340,1154.357666015625,609.0503540039062
l_1775563549_791189170,1341,1182.260986328125,614.6992797851562
l_1775563549_791189170,1342,1177.399169921875,639.6865234375
l_1775563549_791189170,1343,1149.4847412109375,632.922119140625
l_1775563549_791189170,1180,308.1419372558594,355.32928466796875
l_1775563549_791189170,1181,331.8438720703125,360.0376892089844
l_1775563549_791189170,1182,332.42138671875,384.9493103027344
l_1775563549_791189170,1183,308.68634033203125,381.1007080078125
l_1775563549_891378332,1190,958.6292114257812,481.71881103515625
l_1775563549_891378332,1191,978.7822875976562,482.2344055175781
l_1775563549_891378332,1192,978.66015625,499.3876953125
l_1775563549_891378332,1193,958.4955444335938,498.7136535644531
l_1775563549_891378332,1280,844.320068359375,405.4071350097656
l_1775563549_891378332,1281,861.37451171875,404.8962097167969
l_1775563549_891378332,1282,860.9439697265625,420.7890625
l_1775563549_891378332,1283,843.561767578125,421.2494201660156
l_1775563549_891378332,1220,682.7911376953125,444.1407775878906
l_1775563549_891378332,1221,695.875,444.2417907714844
l_1775563549_891378332,1222,695.4048461914062,458.1261291503906
l_1775563549_891378332,1223,682.1740112304688,457.9958190917969
l_1775563549_891378332,1260,537.7222290039062,563.1160888671875
l_1775563549_891378332,1261,547.3809204101562,560.2029418945312
l_1775563549_891378332,1262,547.2710571289062,574.4762573242188
l_1775563549_891378332,1263,537.7048950195312,577.3214111328125
l_1775563549_891378332,1300,754.581787109375,546.2831420898438
l_1775563549_891378332,1301,769.4257202148438,547.531005859375
l_1775563549_891378332,1302,768.7548217773438,562.4561157226562
l_1775563549_891378332,1303,753.9942626953125,561.2071533203125
l_1775563549_891378332,1340,1159.667724609375,610.8320922851562
l_1775563549_891378332,1341,1188.3472900390625,616.6651611328125
l_1775563549_891378332,1342,1183.223388671875,641.5469970703125
l_1775563549_891378332,1343,1154.7872314453125,634.7847900390625
l_1775563549_891378332,1180,305.5468444824219,354.4309997558594
l_1775563549_891378332,1181,329.5899963378906,359.2552185058594
l_1775563549_891378332,1182,330.14776611328125,384.37542724609375
l_1775563549_891378332,1183,306.1080322265625,380.2617492675781
l_1775563549_991690181,1340,1161.798095703125,610.9791870117188
l_1775563549_991690181,1341,1190.67529296875,616.7195434570312
l_1775563549_991690181,1342,1185.7410888671875,642.1040649414062
l_1775563549_991690181,1343,1157.0517578125,635.3123168945312
l_1775563549_991690181,1190,958.4190673828125,481.43798828125
l_1775563549_991690181,1191,978.6434326171875,481.69866943359375
l_1775563549_991690181,1192,978.6146850585938,499.1014099121094
l_1775563549_991690181,1193,958.2908935546875,498.508544921875
l_1775563549_991690181,1280,843.15576171875,404.8934020996094
l_1775563549_991690181,1281,860.6250610351562,404.55950927734375
l_1775563549_991690181,1282,860.2277221679688,420.4803161621094
l_1775563549_991690181,1283,842.8053588867188,420.7882385253906
l_1775563549_991690181,1300,753.611572265625,546.552978515625
l_1775563549_991690181,1301,768.49267578125,547.8331909179688
l_1775563549_991690181,1302,767.8466186523438,562.8657836914062
l_1775563549_991690181,1303,752.9871826171875,561.7323608398438
l_1775563549_991690181,1260,535.4802856445312,564.505859375
l_1775563549_991690181,1261,545.1188354492188,561.2704467773438
l_1775563549_991690181,1262,545.2825317382812,575.6195068359375
l_1775563549_991690181,1263,535.528564453125,578.5153198242188
l_1775563549_991690181,1180,299.6452941894531,353.8274841308594
l_1775563549_991690181,1181,324.23834228515625,358.7613220214844
l_1775563549_991690181,1182,324.57086181640625,384.19891357421875
l_1775563549_991690181,1183,300.25994873046875,380.2312316894531
l_1775563550_091687057,1280,844.1578369140625,403.03125
l_1775563550_091687057,1281,861.6337280273438,402.5677185058594
l_1775563550_091687057,1282,861.4129638671875,418.7185363769531
l_1775563550_091687057,1283,843.779541015625,419.04681396484375
l_1775563550_091687057,1300,754.6058349609375,546.1783447265625
l_1775563550_091687057,1301,769.52685546875,547.3140258789062
l_1775563550_091687057,1302,769.027587890625,562.3695678710938
l_1775563550_091687057,1303,754.2265625,561.1380004882812
l_1775563550_091687057,1340,1167.56884765625,609.379638671875
l_1775563550_091687057,1341,1196.9281005859375,615.0314331054688
l_1775563550_091687057,1342,1192.0263671875,640.4111328125
l_1775563550_091687057,1343,1162.90576171875,633.8076782226562
l_1775563550_091687057,1190,960.6289672851562,479.5240478515625
l_1775563550_091687057,1191,980.9844970703125,479.8417053222656
l_1775563550_091687057,1192,981.0337524414062,497.16632080078125
l_1775563550_091687057,1193,960.6326904296875,496.668212890625
l_1775563550_091687057,1180,295.55316162109375,353.6463928222656
l_1775563550_091687057,1181,320.40435791015625,358.4728698730469
l_1775563550_091687057,1182,321.12152099609375,384.2968444824219
l_1775563550_091687057,1183,296.2131042480469,380.205078125
l_1775563550_191486071,1190,966.4887084960938,481.2005310058594
l_1775563550_191486071,1191,987.2777099609375,481.4752502441406
l_1775563550_191486071,1192,987.4180908203125,499.0097961425781
l_1775563550_191486071,1193,966.6026000976562,498.5485534667969
l_1775563550_191486071,1280,848.3649291992188,404.4949951171875
l_1775563550_191486071,1281,866.1100463867188,403.72589111328125
l_1775563550_191486071,1282,865.8984375,420.1196594238281
l_1775563550_191486071,1283,848.1575927734375,420.6020202636719
l_1775563550_191486071,1300,758.378662109375,548.71728515625
l_1775563550_191486071,1301,773.5128173828125,549.8851928710938
l_1775563550_191486071,1302,773.017333984375,565.2659301757812
l_1775563550_191486071,1303,757.9732666015625,563.968017578125
l_1775563550_191486071,1220,684.2111206054688,445.54486083984375
l_1775563550_191486071,1221,697.6360473632812,445.395751953125
l_1775563550_191486071,1222,697.1018676757812,459.5529479980469
l_1775563550_191486071,1223,683.5614624023438,459.6423645019531
l_1775563550_191486071,1260,537.4974975585938,567.96142578125
l_1775563550_191486071,1261,547.2534790039062,564.9763793945312
l_1775563550_191486071,1262,547.36474609375,579.4299926757812
l_1775563550_191486071,1263,537.4880981445312,582.64794921875
l_1775563550_191486071,1340,1179.2310791015625,612.5760498046875
l_1775563550_191486071,1341,1209.4222412109375,618.3729248046875
l_1775563550_191486071,1342,1204.745361328125,644.2442016601562
l_1775563550_191486071,1343,1174.88720703125,637.4150390625
l_1775563550_191486071,1180,295.76593017578125,355.5809631347656
l_1775563550_191486071,1181,320.73944091796875,360.4912109375
l_1775563550_191486071,1182,321.4937438964844,386.39215087890625
l_1775563550_191486071,1183,296.4053039550781,382.2660827636719
l_1775563550_291344256,1340,1182.9833984375,617.5839233398438
l_1775563550_291344256,1341,1213.7611083984375,623.5407104492188
l_1775563550_291344256,1342,1209.2626953125,649.810546875
l_1775563550_291344256,1343,1178.70654296875,642.4677734375
l_1775563550_291344256,1280,848.7494506835938,406.9697265625
l_1775563550_291344256,1281,866.525146484375,406.4500427246094
l_1775563550_291344256,1282,866.3590698242188,422.69561767578125
l_1775563550_291344256,1283,848.4744873046875,423.1460266113281
l_1775563550_291344256,1300,757.9351196289062,551.7195434570312
l_1775563550_291344256,1301,773.1834106445312,553.0317993164062
l_1775563550_291344256,1302,772.5402221679688,568.4571533203125
l_1775563550_291344256,1303,757.38330078125,567.1468505859375
l_1775563550_291344256,1220,683.5613403320312,447.5888977050781
l_1775563550_291344256,1221,696.7937622070312,447.6095886230469
l_1775563550_291344256,1222,696.3800659179688,461.7301025390625
l_1775563550_291344256,1223,682.765869140625,461.73126220703125
l_1775563550_291344256,1180,291.4983215332031,354.8210144042969
l_1775563550_291344256,1181,317.13934326171875,360.1477966308594
l_1775563550_291344256,1182,317.51220703125,386.3526916503906
l_1775563550_291344256,1183,291.8990478515625,381.873046875
l_1775563550_291344256,1190,967.535400390625,484.54608154296875
l_1775563550_291344256,1191,988.386962890625,484.7826843261719
l_1775563550_291344256,1192,988.49560546875,502.4981994628906
l_1775563550_291344256,1193,967.5008544921875,501.7956237792969
l_1775563550_291344256,1260,535.4525756835938,570.6574096679688
l_1775563550_291344256,1261,545.22509765625,567.6990356445312
l_1775563550_291344256,1262,544.5211181640625,581.9869384765625
l_1775563550_291344256,1263,535.4405517578125,585.5012817382812
l_1775563550_391540981,1340,1182.88916015625,614.5361938476562
l_1775563550_391540981,1341,1213.8607177734375,620.473388671875
l_1775563550_391540981,1342,1209.4210205078125,646.7882080078125
l_1775563550_391540981,1343,1178.4844970703125,639.651123046875
l_1775563550_391540981,1190,965.6422119140625,481.7974853515625
l_1775563550_391540981,1191,986.4942626953125,482.1292419433594
l_1775563550_391540981,1192,986.653564453125,499.8337707519531
l_1775563550_391540981,1193,965.7164306640625,499.38519287109375
l_1775563550_391540981,1280,846.4281005859375,404.4735412597656
l_1775563550_391540981,1281,864.2758178710938,403.8599548339844
l_1775563550_391540981,1282,864.0956420898438,420.19073486328125
l_1775563550_391540981,1283,846.1419677734375,420.8558044433594
l_1775563550_391540981,1300,755.7628173828125,550.4097900390625
l_1775563550_391540981,1301,771.1067504882812,551.5484008789062
l_1775563550_391540981,1302,770.5127563476562,566.83349609375
l_1775563550_391540981,1303,755.2771606445312,565.8516235351562
l_1775563550_391540981,1220,680.5380249023438,446.093505859375
l_1775563550_391540981,1221,693.9413452148438,445.8982849121094
l_1775563550_391540981,1222,693.70361328125,460.2653503417969
l_1775563550_391540981,1223,679.9248046875,460.37689208984375
l_1775563550_391540981,1180,283.0178527832031,353.1235046386719
l_1775563550_391540981,1181,309.094482421875,358.24609375
l_1775563550_391540981,1182,309.58355712890625,384.8807067871094
l_1775563550_391540981,1183,283.5383605957031,380.6148986816406
l_1775563550_491548892,1190,958.7472534179688,475.9875183105469
l_1775563550_491548892,1191,979.5488891601562,476.04815673828125
l_1775563550_491548892,1192,979.8729858398438,493.7237548828125
l_1775563550_491548892,1193,958.9844360351562,493.51470947265625
l_1775563550_491548892,1280,839.3206787109375,399.79071044921875
l_1775563550_491548892,1281,857.1734619140625,399.0109558105469
l_1775563550_491548892,1282,857.2098388671875,415.4353942871094
l_1775563550_491548892,1283,839.2639770507812,416.1185302734375
l_1775563550_491548892,1300,750.0255737304688,546.8470458984375
l_1775563550_491548892,1301,765.4794311523438,547.9605102539062
l_1775563550_491548892,1302,765.1665649414062,563.4949340820312
l_1775563550_491548892,1303,749.86962890625,562.4473876953125
l_1775563550_491548892,1340,1175.97314453125,605.8519897460938
l_1775563550_491548892,1341,1206.8653564453125,611.414794921875
l_1775563550_491548892,1342,1202.8743896484375,637.7279052734375
l_1775563550_491548892,1343,1172.0965576171875,630.8690185546875
l_1775563550_491548892,1220,673.5661010742188,443.0367126464844
l_1775563550_491548892,1221,687.197265625,442.8434143066406
l_1775563550_491548892,1222,686.8950805664062,457.18505859375
l_1775563550_491548892,1223,673.2195434570312,457.5003967285156
l_1775563550_491548892,1180,268.0550231933594,352.4656982421875
l_1775563550_491548892,1181,295.1775817871094,357.5738220214844
l_1775563550_491548892,1182,296.0736389160156,384.6871337890625
l_1775563550_491548892,1183,268.9815979003906,380.497314453125
l_1775563550_491548892,1260,525.9945068359375,570.2402954101562
l_1775563550_491548892,1261,535.5613403320312,566.7980346679688
l_1775563550_491548892,1262,535.609130859375,581.5974731445312
l_1775563550_491548892,1263,525.936279296875,585.114013671875
l_1775563550_591593772,1280,829.5952758789062,397.7882385253906
l_1775563550_591593772,1281,847.3287353515625,396.96087646484375
l_1775563550_591593772,1282,847.4628295898438,413.3092346191406
l_1775563550_591593772,1283,829.559326171875,414.2442321777344
l_1775563550_591593772,1300,741.518798828125,545.7401733398438
l_1775563550_591593772,1301,756.8598022460938,546.620361328125
l_1775563550_591593772,1302,756.6741943359375,562.226318359375
l_1775563550_591593772,1303,741.4149169921875,561.3360595703125
l_1775563550_591593772,1190,948.4147338867188,473.4048156738281
l_1775563550_591593772,1191,968.9298706054688,473.09930419921875
l_1775563550_591593772,1192,969.4559326171875,490.77581787109375
l_1775563550_591593772,1193,948.973388671875,490.6534118652344
l_1775563550_591593772,1220,664.3864135742188,442.2159423828125
l_1775563550_591593772,1221,677.8407592773438,441.7507019042969
l_1775563550_591593772,1222,677.641357421875,456.3085021972656
l_1775563550_591593772,1223,664.0497436523438,456.6598205566406
l_1775563550_591593772,1180,249.79335021972656,351.91778564453125
l_1775563550_591593772,1181,278.0332336425781,356.8980407714844
l_1775563550_591593772,1182,279.2584533691406,384.8483581542969
l_1775563550_591593772,1183,251.0970001220703,380.5343017578125
l_1775563550_591593772,1340,1164.0126953125,600.9039306640625
l_1775563550_591593772,1341,1194.5009765625,606.0665893554688
l_1775563550_591593772,1342,1190.4735107421875,632.2164916992188
l_1775563550_591593772,1343,1160.1888427734375,625.8265380859375
l_1775563550_691603986,1190,949.01318359375,469.9982604980469
l_1775563550_691603986,1191,969.5374145507812,469.84588623046875
l_1775563550_691603986,1192,969.8101806640625,487.41741943359375
l_1775563550_691603986,1193,949.2767333984375,487.3124694824219
l_1775563550_691603986,1280,829.825927734375,393.9195251464844
l_1775563550_691603986,1281,847.4717407226562,392.8933410644531
l_1775563550_691603986,1282,847.5245361328125,409.443115234375
l_1775563550_691603986,1283,829.6144409179688,410.3355712890625
l_1775563550_691603986,1300,740.7193603515625,542.5023193359375
l_1775563550_691603986,1301,756.1299438476562,543.3550415039062
l_1775563550_691603986,1302,755.6951904296875,558.8660278320312
l_1775563550_691603986,1303,740.4387817382812,558.0864868164062
l_1775563550_691603986,1220,663.1663818359375,438.2852478027344
l_1775563550_691603986,1221,676.8101196289062,438.01702880859375
l_1775563550_691603986,1222,676.6741943359375,452.5278625488281
l_1775563550_691603986,1223,662.7774658203125,452.7890625
l_1775563550_691603986,1340,1165.7276611328125,598.4104614257812
l_1775563550_691603986,1341,1196.5057373046875,603.8756713867188
l_1775563550_691603986,1342,1192.2523193359375,629.875
l_1775563550_691603986,1343,1161.6981201171875,623.4091186523438
l_1775563550_691603986,1180,243.1328582763672,346.0671081542969
l_1775563550_691603986,1181,271.8722839355469,351.677734375
l_1775563550_691603986,1182,273.58392333984375,379.63348388671875
l_1775563550_691603986,1183,244.7598876953125,375.3289794921875
l_1775563550_791238427,1190,938.7713012695312,473.6516418457031
l_1775563550_791238427,1191,959.264404296875,473.47991943359375
l_1775563550_791238427,1192,959.6700439453125,491.36175537109375
l_1775563550_791238427,1193,939.2098999023438,491.10247802734375
l_1775563550_791238427,1280,820.6815795898438,397.2873229980469
l_1775563550_791238427,1281,838.3933715820312,396.4790344238281
l_1775563550_791238427,1282,838.34130859375,412.97308349609375
l_1775563550_791238427,1283,820.6004638671875,413.5439147949219
l_1775563550_791238427,1300,731.6224365234375,545.7047119140625
l_1775563550_791238427,1301,747.20068359375,546.751708984375
l_1775563550_791238427,1302,746.66455078125,562.3377685546875
l_1775563550_791238427,1303,731.455810546875,561.3804321289062
l_1775563550_791238427,1220,654.2872314453125,440.9117126464844
l_1775563550_791238427,1221,668.0617065429688,440.7251281738281
l_1775563550_791238427,1222,667.7373657226562,455.27105712890625
l_1775563550_791238427,1223,653.8130493164062,455.6082763671875
l_1775563550_791238427,1340,1153.6982421875,602.16845703125
l_1775563550_791238427,1341,1183.8636474609375,607.5501098632812
l_1775563550_791238427,1342,1179.9876708984375,633.594482421875
l_1775563550_791238427,1343,1149.7884521484375,627.2042236328125
l_1775563550_791238427,1180,225.73928833007812,344.77978515625
l_1775563550_791238427,1181,255.4167938232422,350.88623046875
l_1775563550_791238427,1182,257.2644958496094,379.2934875488281
l_1775563550_791238427,1183,227.23504638671875,374.8354797363281
l_1775563550_891277442,1340,1151.98291015625,606.185302734375
l_1775563550_891277442,1341,1182.6136474609375,611.7435302734375
l_1775563550_891277442,1342,1178.4151611328125,637.8338012695312
l_1775563550_891277442,1343,1148.1312255859375,631.233642578125
l_1775563550_891277442,1190,936.6351928710938,475.8274841308594
l_1775563550_891277442,1191,956.8823852539062,475.8797607421875
l_1775563550_891277442,1192,957.46923828125,493.64093017578125
l_1775563550_891277442,1193,936.859619140625,493.3092346191406
l_1775563550_891277442,1300,728.5098266601562,547.3243408203125
l_1775563550_891277442,1301,743.8133544921875,548.3329467773438
l_1775563550_891277442,1302,743.5910034179688,563.7982788085938
l_1775563550_891277442,1303,728.032958984375,562.9537353515625
l_1775563550_891277442,1220,651.3201293945312,441.4109191894531
l_1775563550_891277442,1221,664.9407348632812,441.2098693847656
l_1775563550_891277442,1222,664.7247314453125,455.7787170410156
l_1775563550_891277442,1223,650.6954956054688,456.1504211425781
l_1775563550_891277442,1260,498.54119873046875,572.0117797851562
l_1775563550_891277442,1261,508.6669006347656,568.6183471679688
l_1775563550_891277442,1262,508.8548889160156,583.9949951171875
l_1775563550_891277442,1263,498.8422546386719,587.6317138671875
l_1775563550_891277442,1280,818.6556396484375,398.4339294433594
l_1775563550_891277442,1281,836.3439331054688,397.75714111328125
l_1775563550_891277442,1282,836.2584228515625,414.31597900390625
l_1775563550_891277442,1283,818.55029296875,414.931640625
l_1775563550_891277442,1180,216.62232971191406,340.56195068359375
l_1775563550_891277442,1181,247.0490264892578,346.8708190917969
l_1775563550_891277442,1182,248.5861358642578,375.826904296875
l_1775563550_891277442,1183,217.70474243164062,370.8969421386719
l_1775563550_991020306,1280,814.7988891601562,394.0447692871094
l_1775563550_991020306,1281,832.6282958984375,393.5747375488281
l_1775563550_991020306,1282,832.3510131835938,410.19354248046875
l_1775563550_991020306,1283,814.3764038085938,410.5954284667969
l_1775563550_991020306,1300,722.9214477539062,543.2462158203125
l_1775563550_991020306,1301,738.5219116210938,544.3135375976562
l_1775563550_991020306,1302,737.973876953125,559.9053955078125
l_1775563550_991020306,1303,722.5902099609375,558.9043579101562
l_1775563550_991020306,1180,201.6424102783203,328.9442443847656
l_1775563550_991020306,1181,233.4971160888672,335.9682312011719
l_1775563550_991020306,1182,234.9796142578125,365.7746887207031
l_1775563550_991020306,1183,202.9966278076172,360.31494140625
l_1775563550_991020306,1340,1146.431640625,604.2246704101562
l_1775563550_991020306,1341,1176.78857421875,610.0068969726562
l_1775563550_991020306,1342,1172.5257568359375,636.2454223632812
l_1775563550_991020306,1343,1141.9932861328125,629.3035888671875
l_1775563550_991020306,1190,932.0510864257812,472.6376037597656
l_1775563550_991020306,1191,952.4507446289062,472.87890625
l_1775563550_991020306,1192,952.5748291015625,490.57012939453125
l_1775563550_991020306,1193,932.36083984375,490.31500244140625
l_1775563550_991020306,1220,646.2713012695312,436.18988037109375
l_1775563550_991020306,1221,660.066162109375,436.1183166503906
l_1775563550_991020306,1222,659.6292724609375,450.8003845214844
l_1775563550_991020306,1223,645.5979614257812,451.02783203125
l_1775563551_091425607,1340,1146.1043701171875,605.4978637695312
l_1775563551_091425607,1341,1176.92578125,611.3673095703125
l_1775563551_091425607,1342,1172.517822265625,637.771240234375
l_1775563551_091425607,1343,1141.996826171875,630.7853393554688
l_1775563551_091425607,1190,930.1364135742188,472.9389343261719
l_1775563551_091425607,1191,950.6181030273438,473.091796875
l_1775563551_091425607,1192,950.7685546875,491.0174255371094
l_1775563551_091425607,1193,930.3054809570312,490.5738525390625
l_1775563551_091425607,1280,812.4112548828125,393.7630310058594
l_1775563551_091425607,1281,830.3056030273438,393.25933837890625
l_1775563551_091425607,1282,829.8995971679688,409.94744873046875
l_1775563551_091425607,1283,812.0897216796875,410.3418273925781
l_1775563551_091425607,1300,719.9755859375,543.7235107421875
l_1775563551_091425607,1301,735.5445556640625,544.8345947265625
l_1775563551_091425607,1302,735.0848388671875,560.6326904296875
l_1775563551_091425607,1303,719.5194091796875,559.5855102539062
l_1775563551_091425607,1220,642.7590942382812,436.0090026855469
l_1775563551_091425607,1221,656.7781372070312,435.8835144042969
l_1775563551_091425607,1222,656.1900634765625,450.8026123046875
l_1775563551_091425607,1223,642.2318725585938,450.8958740234375
l_1775563551_091425607,1260,486.3819580078125,567.7664794921875
l_1775563551_091425607,1261,496.49395751953125,564.4223022460938
l_1775563551_091425607,1262,497.10528564453125,579.7468872070312
l_1775563551_091425607,1263,486.3720397949219,583.8629760742188
l_1775563551_091425607,1180,189.04812622070312,325.474853515625
l_1775563551_091425607,1181,222.27023315429688,332.58062744140625
l_1775563551_091425607,1182,223.4945526123047,363.2127990722656
l_1775563551_091425607,1183,190.2180938720703,357.3983459472656
l_1775563551_191453776,1280,817.32958984375,396.61956787109375
l_1775563551_191453776,1281,835.4319458007812,396.20556640625
l_1775563551_191453776,1282,835.1570434570312,413.1786804199219
l_1775563551_191453776,1283,817.1412963867188,413.44580078125
l_1775563551_191453776,1300,723.5482788085938,547.6790771484375
l_1775563551_191453776,1301,739.3741455078125,548.9400024414062
l_1775563551_191453776,1302,738.7723999023438,564.8777465820312
l_1775563551_191453776,1303,723.1099243164062,563.7075805664062
l_1775563551_191453776,1220,646.0335693359375,438.7286682128906
l_1775563551_191453776,1221,659.9651489257812,438.7417907714844
l_1775563551_191453776,1222,659.5220336914062,453.68365478515625
l_1775563551_191453776,1223,645.32666015625,453.7430419921875
l_1775563551_191453776,1190,936.6238403320312,477.04656982421875
l_1775563551_191453776,1191,957.5986328125,477.332763671875
l_1775563551_191453776,1192,957.8050537109375,495.4307556152344
l_1775563551_191453776,1193,936.8515625,494.7890930175781
l_1775563551_191453776,1180,188.19798278808594,325.05047607421875
l_1775563551_191453776,1181,221.88543701171875,332.4591979980469
l_1775563551_191453776,1182,222.61529541015625,363.38604736328125
l_1775563551_191453776,1183,189.069091796875,357.3713684082031
l_1775563551_191453776,1340,1158.634033203125,613.0357055664062
l_1775563551_191453776,1341,1190.6180419921875,619.1322021484375
l_1775563551_191453776,1342,1186.2734375,646.1796264648438
l_1775563551_191453776,1343,1154.372314453125,638.6817626953125
l_1775563551_191453776,1260,487.7305908203125,570.9406127929688
l_1775563551_191453776,1261,498.18408203125,567.530517578125
l_1775563551_191453776,1262,498.11590576171875,583.3424072265625
l_1775563551_191453776,1263,487.9744567871094,587.1253662109375
l_1775563551_291567514,1190,945.60498046875,478.3251953125
l_1775563551_291567514,1191,966.8038940429688,478.597412109375
l_1775563551_291567514,1192,966.9432373046875,496.91046142578125
l_1775563551_291567514,1193,945.7359619140625,496.4734802246094
l_1775563551_291567514,1280,824.4158325195312,396.5460205078125
l_1775563551_291567514,1281,842.8468017578125,396.1634521484375
l_1775563551_291567514,1282,842.520263671875,413.197998046875
l_1775563551_291567514,1283,824.082275390625,413.4418029785156
l_1775563551_291567514,1300,728.724609375,548.840087890625
l_1775563551_291567514,1301,744.6109619140625,550.1403198242188
l_1775563551_291567514,1302,744.1900024414062,566.3876953125
l_1775563551_291567514,1303,728.1358032226562,564.9364624023438
l_1775563551_291567514,1340,1174.233642578125,617.9495849609375
l_1775563551_291567514,1341,1207.2449951171875,624.6259155273438
l_1775563551_291567514,1342,1202.7489013671875,652.22021484375
l_1775563551_291567514,1343,1169.5880126953125,644.4208374023438
l_1775563551_291567514,1220,650.7822875976562,438.67755126953125
l_1775563551_291567514,1221,665.0722045898438,438.6838073730469
l_1775563551_291567514,1222,664.5694580078125,453.700439453125
l_1775563551_291567514,1223,650.1682739257812,453.7093505859375
l_1775563551_291567514,1180,188.87533569335938,321.8225402832031
l_1775563551_291567514,1181,222.75146484375,329.61944580078125
l_1775563551_291567514,1182,223.7543182373047,360.5799255371094
l_1775563551_291567514,1183,189.65667724609375,354.4347839355469
l_1775563551_391450424,1280,820.248291015625,390.63824462890625
l_1775563551_391450424,1281,838.577392578125,390.1891784667969
l_1775563551_391450424,1282,838.2574462890625,407.4986877441406
l_1775563551_391450424,1283,819.6790771484375,407.7720947265625
l_1775563551_391450424,1300,723.7628173828125,543.9876708984375
l_1775563551_391450424,1301,739.8067626953125,545.3001708984375
l_1775563551_391450424,1302,739.2350463867188,561.4539794921875
l_1775563551_391450424,1303,723.263916015625,560.2506103515625
l_1775563551_391450424,1220,645.4419555664062,433.0804748535156
l_1775563551_391450424,1221,659.7781372070312,433.05047607421875
l_1775563551_391450424,1222,659.12353515625,448.37591552734375
l_1775563551_391450424,1223,644.6480102539062,448.349609375
l_1775563551_391450424,1180,170.63475036621094,312.829833984375
l_1775563551_391450424,1181,206.3046875,320.9320983886719
l_1775563551_391450424,1182,207.53262329101562,352.79559326171875
l_1775563551_391450424,1183,171.54994201660156,346.2082214355469
l_1775563551_391450424,1190,941.3643188476562,472.962158203125
l_1775563551_391450424,1191,962.6572265625,473.3299865722656
l_1775563551_391450424,1192,962.7554931640625,491.68951416015625
l_1775563551_391450424,1193,941.4464721679688,491.1949157714844
l_1775563551_391450424,1340,1169.5484619140625,613.0780639648438
l_1775563551_391450424,1341,1203.0150146484375,619.6143188476562
l_1775563551_391450424,1342,1198.1431884765625,647.22802734375
l_1775563551_391450424,1343,1164.9771728515625,639.3672485351562
l_1775563551_391450424,1260,483.839111328125,566.8282470703125
l_1775563551_391450424,1261,494.8579406738281,563.401123046875
l_1775563551_391450424,1262,494.8014831542969,579.2935791015625
l_1775563551_391450424,1263,484.12664794921875,583.3558349609375
l_1775563551_491256309,1190,949.0912475585938,472.6227722167969
l_1775563551_491256309,1191,970.652587890625,472.82159423828125
l_1775563551_491256309,1192,970.6454467773438,491.5583190917969
l_1775563551_491256309,1193,949.13330078125,491.07122802734375
l_1775563551_491256309,1280,825.985107421875,389.5465393066406
l_1775563551_491256309,1281,844.6904907226562,388.8729553222656
l_1775563551_491256309,1282,844.3141479492188,406.5138854980469
l_1775563551_491256309,1283,825.5438232421875,406.7964782714844
l_1775563551_491256309,1300,728.4982299804688,544.3753662109375
l_1775563551_491256309,1301,744.5281982421875,545.5471801757812
l_1775563551_491256309,1302,743.9271850585938,561.8458251953125
l_1775563551_491256309,1303,727.7706909179688,560.70361328125
l_1775563551_491256309,1260,486.9843444824219,567.4061279296875
l_1775563551_491256309,1261,498.01409912109375,563.61376953125
l_1775563551_491256309,1262,497.52435302734375,579.97509765625
l_1775563551_491256309,1263,486.9928283691406,583.9030151367188
l_1775563551_491256309,1180,169.77999877929688,311.46502685546875
l_1775563551_491256309,1181,205.94822692871094,319.69818115234375
l_1775563551_491256309,1182,207.1919708251953,352.025390625
l_1775563551_491256309,1183,170.9190216064453,345.3600158691406
l_1775563551_491256309,1340,1183.5159912109375,615.376953125
l_1775563551_491256309,1341,1218.1298828125,622.3523559570312
l_1775563551_491256309,1342,1213.2210693359375,650.3070678710938
l_1775563551_491256309,1343,1178.728271484375,642.1537475585938
l_1775563551_591337453,1190,945.9573364257812,470.30078125
l_1775563551_591337453,1191,967.6410522460938,470.6194763183594
l_1775563551_591337453,1192,967.5256958007812,489.43670654296875
l_1775563551_591337453,1193,945.9210205078125,488.6625671386719
l_1775563551_591337453,1280,823.080078125,386.18792724609375
l_1775563551_591337453,1281,842.0020751953125,385.7030334472656
l_1775563551_591337453,1282,841.4112548828125,403.3347473144531
l_1775563551_591337453,1283,822.5679321289062,403.4666748046875
l_1775563551_591337453,1300,724.3607788085938,541.4261474609375
l_1775563551_591337453,1301,740.5889892578125,542.76416015625
l_1775563551_591337453,1302,739.7891235351562,559.121826171875
l_1775563551_591337453,1303,723.6129150390625,557.7978515625
l_1775563551_591337453,1220,645.2962036132812,428.62078857421875
l_1775563551_591337453,1221,659.7861938476562,428.680908203125
l_1775563551_591337453,1222,659.2023315429688,444.1335754394531
l_1775563551_591337453,1223,644.4964599609375,444.0310363769531
l_1775563551_591337453,1260,480.9178161621094,563.73876953125
l_1775563551_591337453,1261,492.03765869140625,560.3929443359375
l_1775563551_591337453,1262,492.41693115234375,576.5830688476562
l_1775563551_591337453,1263,481.2174072265625,580.544677734375
l_1775563551_591337453,1340,1180.207275390625,614.3749389648438
l_1775563551_591337453,1341,1214.892822265625,621.3973388671875
l_1775563551_591337453,1342,1209.6656494140625,649.5206909179688
l_1775563551_591337453,1343,1175.1810302734375,641.2374267578125
l_1775563551_591337453,1180,154.86837768554688,302.3851013183594
l_1775563551_591337453,1181,192.55784606933594,311.1344909667969
l_1775563551_591337453,1182,193.8841552734375,344.26531982421875
l_1775563551_591337453,1183,156.1800079345703,337.0610656738281
l_1775563551_691715225,1190,951.5817260742188,470.81494140625
l_1775563551_691715225,1191,973.684326171875,471.2599792480469
l_1775563551_691715225,1192,973.7322387695312,490.2109680175781
l_1775563551_691715225,1193,951.6209106445312,489.52886962890625
l_1775563551_691715225,1280,827.1991577148438,386.1828308105469
l_1775563551_691715225,1281,846.2348022460938,385.57183837890625
l_1775563551_691715225,1282,845.8175048828125,403.3351135253906
l_1775563551_691715225,1283,826.680419921875,403.59368896484375
l_1775563551_691715225,1340,1191.77294921875,617.1842651367188
l_1775563551_691715225,1341,1227.455810546875,624.3805541992188
l_1775563551_691715225,1342,1222.3013916015625,653.0386962890625
l_1775563551_691715225,1343,1186.6103515625,644.311767578125
l_1775563551_691715225,1300,727.5771484375,542.7073974609375
l_1775563551_691715225,1301,743.8982543945312,544.1655883789062
l_1775563551_691715225,1302,743.324951171875,560.6448974609375
l_1775563551_691715225,1303,726.9002685546875,559.380126953125
l_1775563551_691715225,1220,647.7654418945312,429.18115234375
l_1775563551_691715225,1221,662.530029296875,429.2320251464844
l_1775563551_691715225,1222,661.88427734375,444.7872009277344
l_1775563551_691715225,1223,647.1293334960938,444.7064208984375
l_1775563551_691715225,1180,152.37583923339844,301.9158935546875
l_1775563551_691715225,1181,190.77012634277344,311.06884765625
l_1775563551_691715225,1182,192.09925842285156,344.2682189941406
l_1775563551_691715225,1183,153.78817749023438,337.21441650390625
l_1775563551_691715225,1260,482.6035461425781,565.5413208007812
l_1775563551_691715225,1261,493.9438171386719,561.8512573242188
l_1775563551_691715225,1262,494.2378845214844,578.4154663085938
l_1775563551_691715225,1263,482.6864929199219,582.3550415039062
l_1775563551_791286380,1340,1192.2698974609375,620.8139038085938
l_1775563551_791286380,1341,1228.484375,628.191162109375
l_1775563551_791286380,1342,1223.2750244140625,657.1668090820312
l_1775563551_791286380,1343,1187.42626953125,648.4235229492188
l_1775563551_791286380,1280,824.9321899414062,388.2513122558594
l_1775563551_791286380,1281,844.0377807617188,387.7420959472656
l_1775563551_791286380,1282,843.468505859375,405.622802734375
l_1775563551_791286380,1283,824.3345947265625,405.96075439453125
l_1775563551_791286380,1300,724.749755859375,545.6752319335938
l_1775563551_791286380,1301,741.4183349609375,546.971435546875
l_1775563551_791286380,1302,740.5942993164062,563.6370849609375
l_1775563551_791286380,1303,724.2070922851562,562.4462890625
l_1775563551_791286380,1220,644.593994140625,431.4894714355469
l_1775563551_791286380,1221,659.3491821289062,431.4714050292969
l_1775563551_791286380,1222,658.637939453125,447.0948181152344
l_1775563551_791286380,1223,643.7843627929688,447.11572265625
l_1775563551_791286380,1260,477.7249450683594,569.011962890625
l_1775563551_791286380,1261,489.0731201171875,565.2489624023438
l_1775563551_791286380,1262,489.275146484375,581.8171997070312
l_1775563551_791286380,1263,478.0194091796875,585.828857421875
l_1775563551_791286380,1190,949.8154907226562,473.5121154785156
l_1775563551_791286380,1191,971.8142700195312,473.87957763671875
l_1775563551_791286380,1192,971.86279296875,492.8291320800781
l_1775563551_791286380,1193,949.8173217773438,492.3332824707031
l_1775563551_791286380,1180,139.64842224121094,300.8670654296875
l_1775563551_791286380,1181,179.54037475585938,310.2451171875
l_1775563551_791286380,1182,180.6219024658203,344.0732727050781
l_1775563551_791286380,1183,140.9728240966797,336.4855651855469
l_1775563551_891524608,1340,1202.2816162109375,621.4225463867188
l_1775563551_891524608,1341,1239.458740234375,629.0435180664062
l_1775563551_891524608,1342,1234.4224853515625,658.3014526367188
l_1775563551_891524608,1343,1197.3372802734375,649.3264770507812
l_1775563551_891524608,1190,954.0599365234375,472.6273498535156
l_1775563551_891524608,1191,976.42529296875,472.90655517578125
l_1775563551_891524608,1192,976.5020141601562,492.31610107421875
l_1775563551_891524608,1193,953.950439453125,491.4067687988281
l_1775563551_891524608,1280,827.5031127929688,386.9466552734375
l_1775563551_891524608,1281,846.7921142578125,386.5018615722656
l_1775563551_891524608,1282,846.4398803710938,404.3966064453125
l_1775563551_891524608,1283,827.2001342773438,404.7769775390625
l_1775563551_891524608,1300,726.7302856445312,546.0517578125
l_1775563551_891524608,1301,743.5060424804688,547.381103515625
l_1775563551_891524608,1302,742.796630859375,564.1294555664062
l_1775563551_891524608,1303,726.3253173828125,562.849365234375
l_1775563551_891524608,1220,645.677001953125,431.1592712402344
l_1775563551_891524608,1221,660.5594482421875,431.15179443359375
l_1775563551_891524608,1222,659.912353515625,446.7203674316406
l_1775563551_891524608,1223,644.8553466796875,446.8467712402344
l_1775563551_891524608,1180,133.02862548828125,299.0162658691406
l_1775563551_891524608,1181,173.85755920410156,308.5699768066406
l_1775563551_891524608,1182,175.0254669189453,343.06817626953125
l_1775563551_891524608,1183,134.367431640625,335.4336242675781
l_1775563551_891524608,1260,477.6767578125,570.2026977539062
l_1775563551_891524608,1261,489.08270263671875,566.3565673828125
l_1775563551_891524608,1262,489.530029296875,582.929443359375
l_1775563551_891524608,1263,477.81329345703125,587.2810668945312
l_1775563551_991459234,1340,1203.04150390625,620.3524169921875
l_1775563551_991459234,1341,1240.4339599609375,627.7422485351562
l_1775563551_991459234,1342,1235.8388671875,657.31982421875
l_1775563551_991459234,1343,1198.217529296875,648.52880859375
l_1775563551_991459234,1190,951.4544067382812,471.914794921875
l_1775563551_991459234,1191,973.934814453125,472.23223876953125
l_1775563551_991459234,1192,974.2120971679688,491.5570373535156
l_1775563551_991459234,1193,951.690185546875,490.9989318847656
l_1775563551_991459234,1280,824.2772216796875,386.5520324707031
l_1775563551_991459234,1281,843.5810546875,386.0364990234375
l_1775563551_991459234,1282,843.103759765625,403.8988037109375
l_1775563551_991459234,1283,823.793212890625,404.5417785644531
l_1775563551_991459234,1300,723.9668579101562,547.2242431640625
l_1775563551_991459234,1301,740.6217041015625,548.4605712890625
l_1775563551_991459234,1302,740.0936889648438,565.3616333007812
l_1775563551_991459234,1303,723.4105224609375,564.1106567382812
l_1775563551_991459234,1260,472.50079345703125,573.01904296875
l_1775563551_991459234,1261,483.90606689453125,569.37158203125
l_1775563551_991459234,1262,484.6224670410156,586.0223999023438
l_1775563551_991459234,1263,472.6979675292969,590.6475830078125
l_1775563551_991459234,1220,641.3220825195312,431.8326721191406
l_1775563551_991459234,1221,656.4581909179688,431.7073974609375
l_1775563551_991459234,1222,655.919189453125,447.5396423339844
l_1775563551_991459234,1223,640.73681640625,447.61541748046875
l_1775563551_991459234,1180,115.87831115722656,297.9577941894531
l_1775563551_991459234,1181,157.92156982421875,307.8843078613281
l_1775563551_991459234,1182,160.04701232910156,343.1121520996094
l_1775563551_991459234,1183,117.39974212646484,335.28411865234375
l_1775563552_091402065,1190,949.2894897460938,472.3320617675781
l_1775563552_091402065,1191,971.6680297851562,472.3848876953125
l_1775563552_091402065,1192,972.0633544921875,491.6897888183594
l_1775563552_091402065,1193,949.54248046875,491.3631286621094
l_1775563552_091402065,1280,820.8468627929688,387.06683349609375
l_1775563552_091402065,1281,840.3177490234375,386.38104248046875
l_1775563552_091402065,1282,840.1683959960938,404.4754943847656
l_1775563552_091402065,1283,820.695068359375,404.9493713378906
l_1775563552_091402065,1300,721.0528564453125,549.012939453125
l_1775563552_091402065,1301,737.9828491210938,550.2380981445312
l_1775563552_091402065,1302,737.4950561523438,567.3379516601562
l_1775563552_091402065,1303,720.6968994140625,566.1785278320312
l_1775563552_091402065,1260,467.36041259765625,577.1061401367188
l_1775563552_091402065,1261,478.76800537109375,573.1166381835938
l_1775563552_091402065,1262,479.2373046875,590.56298828125
l_1775563552_091402065,1263,467.8175964355469,594.7437744140625
l_1775563552_091402065,1220,637.2785034179688,433.2824401855469
l_1775563552_091402065,1221,652.4619140625,433.2027587890625
l_1775563552_091402065,1222,651.8564453125,449.25726318359375
l_1775563552_091402065,1223,636.6904296875,449.51007080078125
l_1775563552_091402065,1340,1204.2183837890625,619.9503173828125
l_1775563552_091402065,1341,1242.1605224609375,627.2852783203125
l_1775563552_091402065,1342,1237.642333984375,657.1201171875
l_1775563552_091402065,1343,1199.5982666015625,648.423828125
l_1775563552_091402065,1180,98.53248596191406,297.8598937988281
l_1775563552_091402065,1181,142.64637756347656,308.3088684082031
l_1775563552_091402065,1182,144.9462432861328,344.405029296875
l_1775563552_091402065,1183,100.34176635742188,336.3410339355469
l_1775563552_190941166,1280,811.2498779296875,383.2288818359375
l_1775563552_190941166,1281,830.4740600585938,382.4585876464844
l_1775563552_190941166,1282,830.2351684570312,400.6002502441406
l_1775563552_190941166,1283,810.8637084960938,401.3027648925781
l_1775563552_190941166,1220,626.7974243164062,429.61541748046875
l_1775563552_190941166,1221,642.1991577148438,429.4815979003906
l_1775563552_190941166,1222,641.6929931640625,445.7290344238281
l_1775563552_190941166,1223,626.2927856445312,445.9744873046875
l_1775563552_190941166,1190,938.4027099609375,468.4983215332031
l_1775563552_190941166,1191,960.5357055664062,468.54974365234375
l_1775563552_190941166,1192,960.9937744140625,487.802001953125
l_1775563552_190941166,1193,938.6756591796875,487.52801513671875
l_1775563552_190941166,1300,711.2606201171875,546.1580200195312
l_1775563552_190941166,1301,728.2294311523438,547.2819213867188
l_1775563552_190941166,1302,727.6900024414062,564.3340454101562
l_1775563552_190941166,1303,710.8642578125,563.2650146484375
l_1775563552_190941166,1340,1190.21630859375,614.7476806640625
l_1775563552_190941166,1341,1227.7271728515625,621.7904663085938
l_1775563552_190941166,1342,1223.309326171875,651.44287109375
l_1775563552_190941166,1343,1185.8409423828125,642.97802734375
l_1775563552_291461274,1190,925.5586547851562,467.8980407714844
l_1775563552_291461274,1191,947.3724365234375,467.9976501464844
l_1775563552_291461274,1192,947.7677612304688,487.330810546875
l_1775563552_291461274,1193,925.8475341796875,486.89813232421875
l_1775563552_291461274,1280,799.5899658203125,382.1563415527344
l_1775563552_291461274,1281,818.9222412109375,381.6689147949219
l_1775563552_291461274,1282,818.6363525390625,399.77490234375
l_1775563552_291461274,1283,799.427001953125,400.360595703125
l_1775563552_291461274,1300,699.433349609375,545.5692138671875
l_1775563552_291461274,1301,716.4898681640625,546.7344970703125
l_1775563552_291461274,1302,715.8389282226562,563.6826171875
l_1775563552_291461274,1303,698.9114379882812,562.6593627929688
l_1775563552_291461274,1220,614.8416748046875,428.2789611816406
l_1775563552_291461274,1221,630.2078247070312,428.2105712890625
l_1775563552_291461274,1222,629.7409057617188,444.38385009765625
l_1775563552_291461274,1223,614.2786865234375,444.4959716796875
l_1775563552_291461274,1260,440.1572265625,575.8510131835938
l_1775563552_291461274,1261,451.8443603515625,571.8461303710938
l_1775563552_291461274,1262,451.97265625,589.61279296875
l_1775563552_291461274,1263,440.31939697265625,594.5499877929688
l_1775563552_291461274,1340,1173.377197265625,613.4146118164062
l_1775563552_291461274,1341,1209.8861083984375,620.3485107421875
l_1775563552_291461274,1342,1205.6829833984375,649.6817016601562
l_1775563552_291461274,1343,1168.9932861328125,641.4304809570312
l_1775563552_391636888,1280,792.7713623046875,375.5195617675781
l_1775563552_391636888,1281,812.1908569335938,375.1121826171875
l_1775563552_391636888,1282,811.687255859375,393.52001953125
l_1775563552_391636888,1283,792.3816528320312,393.75482177734375
l_1775563552_391636888,1300,691.1666870117188,539.4218139648438
l_1775563552_391636888,1301,708.1437377929688,540.5332641601562
l_1775563552_391636888,1302,707.5722045898438,557.7363891601562
l_1775563552_391636888,1303,690.5521240234375,556.6555786132812
l_1775563552_391636888,1190,917.602294921875,462.5931091308594
l_1775563552_391636888,1191,939.191162109375,462.7311706542969
l_1775563552_391636888,1192,939.40234375,481.9879150390625
l_1775563552_391636888,1193,917.6192626953125,481.6198425292969
l_1775563552_391636888,1340,1161.9111328125,608.5482177734375
l_1775563552_391636888,1341,1198.26953125,615.481201171875
l_1775563552_391636888,1342,1193.58251953125,644.6217041015625
l_1775563552_391636888,1343,1157.37158203125,636.3436889648438
l_1775563552_391636888,1260,428.5797119140625,569.658935546875
l_1775563552_391636888,1261,440.5343933105469,565.4205932617188
l_1775563552_391636888,1262,441.1093444824219,583.4525146484375
l_1775563552_391636888,1263,428.66644287109375,588.237060546875
l_1775563552_391636888,1220,606.4363403320312,420.7032470703125
l_1775563552_391636888,1221,621.90771484375,420.88421630859375
l_1775563552_391636888,1222,621.513671875,437.30877685546875
l_1775563552_391636888,1223,605.7371215820312,437.3807678222656
l_1775563552_491519153,1340,1157.2232666015625,609.2841796875
l_1775563552_491519153,1341,1193.506103515625,616.3486328125
l_1775563552_491519153,1342,1188.8414306640625,645.32568359375
l_1775563552_491519153,1343,1152.6259765625,636.8867797851562
l_1775563552_491519153,1280,787.8215942382812,375.10302734375
l_1775563552_491519153,1281,807.2235717773438,374.7695007324219
l_1775563552_491519153,1282,806.7422485351562,393.32440185546875
l_1775563552_491519153,1283,787.3170776367188,393.484375
l_1775563552_491519153,1300,685.4336547851562,539.7767944335938
l_1775563552_491519153,1301,702.5950927734375,540.9442749023438
l_1775563552_491519153,1302,702.0648193359375,558.3746337890625
l_1775563552_491519153,1303,685.0682983398438,557.232666015625
l_1775563552_491519153,1220,600.3939208984375,420.26129150390625
l_1775563552_491519153,1221,615.906982421875,420.4440002441406
l_1775563552_491519153,1222,615.5039672851562,436.9430847167969
l_1775563552_491519153,1223,599.6610717773438,436.85491943359375
l_1775563552_491519153,1260,420.3067321777344,570.5034790039062
l_1775563552_491519153,1261,432.44281005859375,566.4752807617188
l_1775563552_491519153,1262,432.94683837890625,584.6519165039062
l_1775563552_491519153,1263,420.21795654296875,589.734375
l_1775563552_491519153,1190,912.520751953125,462.6491394042969
l_1775563552_491519153,1191,934.1604614257812,462.912109375
l_1775563552_491519153,1192,934.3431396484375,482.3743591308594
l_1775563552_491519153,1193,912.6073608398438,481.7508544921875
l_1775563552_591573374,1190,904.2958984375,465.5792541503906
l_1775563552_591573374,1191,925.6264038085938,465.8031005859375
l_1775563552_591573374,1192,925.8421020507812,485.1290283203125
l_1775563552_591573374,1193,904.35400390625,484.6190490722656
l_1775563552_591573374,1280,779.915283203125,377.32373046875
l_1775563552_591573374,1281,799.27587890625,377.0684814453125
l_1775563552_591573374,1282,798.7586669921875,395.5900573730469
l_1775563552_591573374,1283,779.4588012695312,395.6640930175781
l_1775563552_591573374,1300,677.2521362304688,542.7294921875
l_1775563552_591573374,1301,694.3795166015625,543.9138793945312
l_1775563552_591573374,1302,693.7515869140625,561.388427734375
l_1775563552_591573374,1303,676.6597900390625,560.3240356445312
l_1775563552_591573374,1220,591.4739379882812,422.25482177734375
l_1775563552_591573374,1221,607.3130493164062,422.2668151855469
l_1775563552_591573374,1222,606.8199462890625,439.02197265625
l_1775563552_591573374,1223,590.641357421875,439.03936767578125
l_1775563552_591573374,1260,408.0167236328125,574.4530639648438
l_1775563552_591573374,1261,420.5396423339844,570.0509643554688
l_1775563552_591573374,1262,420.51397705078125,588.7586059570312
l_1775563552_591573374,1263,407.8946838378906,593.7044677734375
l_1775563552_591573374,1340,1148.236083984375,612.4276123046875
l_1775563552_591573374,1341,1184.456298828125,619.3641967773438
l_1775563552_591573374,1342,1179.968994140625,648.4351806640625
l_1775563552_591573374,1343,1143.721435546875,640.063232421875
l_1775563552_691513445,1190,902.62060546875,466.0328674316406
l_1775563552_691513445,1191,924.2203979492188,466.4476013183594
l_1775563552_691513445,1192,924.3391723632812,485.76141357421875
l_1775563552_691513445,1193,902.6779174804688,485.08807373046875
l_1775563552_691513445,1280,777.971435546875,376.6251220703125
l_1775563552_691513445,1281,797.390380859375,376.4586486816406
l_1775563552_691513445,1282,797.03515625,395.1848449707031
l_1775563552_691513445,1283,777.6066284179688,395.26776123046875
l_1775563552_691513445,1300,673.8623657226562,542.8341674804688
l_1775563552_691513445,1301,691.2913208007812,544.0514526367188
l_1775563552_691513445,1302,690.4501342773438,561.6339721679688
l_1775563552_691513445,1303,673.3095092773438,560.4992065429688
l_1775563552_691513445,1220,587.839599609375,420.7741394042969
l_1775563552_691513445,1221,603.8124389648438,421.0494079589844
l_1775563552_691513445,1222,603.3167114257812,437.9274597167969
l_1775563552_691513445,1223,587.1622314453125,437.8031311035156
l_1775563552_691513445,1340,1148.3389892578125,614.8771362304688
l_1775563552_691513445,1341,1184.67138671875,622.2706298828125
l_1775563552_691513445,1342,1180.357177734375,651.568115234375
l_1775563552_691513445,1343,1143.612060546875,642.9531860351562
l_1775563552_791270075,1280,778.504150390625,375.84356689453125
l_1775563552_791270075,1281,798.3101196289062,375.7926330566406
l_1775563552_791270075,1282,797.59716796875,394.5620422363281
l_1775563552_791270075,1283,778.0440063476562,394.4788818359375
l_1775563552_791270075,1300,672.0982055664062,542.634521484375
l_1775563552_791270075,1301,689.5624389648438,544.0411987304688
l_1775563552_791270075,1302,688.7376098632812,561.792236328125
l_1775563552_791270075,1303,671.2881469726562,560.5087890625
l_1775563552_791270075,1220,586.28369140625,418.8944091796875
l_1775563552_791270075,1221,602.50390625,419.3499755859375
l_1775563552_791270075,1222,601.6531372070312,436.2472229003906
l_1775563552_791270075,1223,585.413330078125,435.9317321777344
l_1775563552_791270075,1190,903.4812622070312,467.0382385253906
l_1775563552_791270075,1191,925.3238525390625,467.496337890625
l_1775563552_791270075,1192,925.2620849609375,487.02587890625
l_1775563552_791270075,1193,903.4439697265625,486.35589599609375
l_1775563552_791270075,1340,1151.833740234375,619.466552734375
l_1775563552_791270075,1341,1188.88818359375,627.108642578125
l_1775563552_791270075,1342,1184.04345703125,656.8697509765625
l_1775563552_791270075,1343,1147.05859375,647.6900634765625
l_1775563552_791270075,1260,396.3517150878906,571.9618530273438
l_1775563552_791270075,1261,409.1349792480469,567.609619140625
l_1775563552_791270075,1262,409.40960693359375,586.3618774414062
l_1775563552_791270075,1263,395.9445495605469,591.8358764648438
l_1775563552_891260718,1190,908.4261474609375,473.34356689453125
l_1775563552_891260718,1191,930.4662475585938,474.0667419433594
l_1775563552_891260718,1192,930.3810424804688,493.83587646484375
l_1775563552_891260718,1193,908.271484375,492.8580322265625
l_1775563552_891260718,1280,782.5306396484375,380.3363037109375
l_1775563552_891260718,1281,802.3850708007812,380.4045104980469
l_1775563552_891260718,1282,801.6452026367188,399.4212951660156
l_1775563552_891260718,1283,781.8488159179688,399.08477783203125
l_1775563552_891260718,1220,588.1636962890625,422.32244873046875
l_1775563552_891260718,1221,604.4127807617188,422.61346435546875
l_1775563552_891260718,1222,603.5247802734375,439.7277526855469
l_1775563552_891260718,1223,587.1181030273438,439.4031066894531
l_1775563552_891260718,1300,673.5680541992188,547.9805297851562
l_1775563552_891260718,1301,691.3123779296875,549.4944458007812
l_1775563552_891260718,1302,690.3279418945312,567.3429565429688
l_1775563552_891260718,1303,672.6849365234375,565.8272705078125
l_1775563552_891260718,1340,1162.70166015625,630.67724609375
l_1775563552_891260718,1341,1201.178955078125,638.9521484375
l_1775563552_891260718,1342,1196.158935546875,669.2594604492188
l_1775563552_891260718,1343,1157.7451171875,659.4673461914062
l_1775563552_891260718,1260,394.42181396484375,575.1000366210938
l_1775563552_891260718,1261,407.49920654296875,570.8370971679688
l_1775563552_891260718,1262,407.3042297363281,590.3637084960938
l_1775563552_891260718,1263,394.1543884277344,595.4038696289062
l_1775563552_991325399,1190,906.7206420898438,472.26043701171875
l_1775563552_991325399,1191,928.8604125976562,472.9584045410156
l_1775563552_991325399,1192,928.6583251953125,492.8039245605469
l_1775563552_991325399,1193,906.4537963867188,491.85064697265625
l_1775563552_991325399,1280,780.546630859375,377.6715393066406
l_1775563552_991325399,1281,800.5361328125,377.9592590332031
l_1775563552_991325399,1282,799.6258544921875,397.03448486328125
l_1775563552_991325399,1283,779.5543823242188,396.7164611816406
l_1775563552_991325399,1300,670.153564453125,546.6018676757812
l_1775563552_991325399,1301,687.9271850585938,548.1798095703125
l_1775563552_991325399,1302,686.7269287109375,566.3248291015625
l_1775563552_991325399,1303,669.0816650390625,564.76513671875
l_1775563552_991325399,1220,584.1538696289062,419.4993896484375
l_1775563552_991325399,1221,600.4490966796875,420.05023193359375
l_1775563552_991325399,1222,599.6409912109375,437.3550720214844
l_1775563552_991325399,1223,582.8355712890625,436.8389892578125
l_1775563552_991325399,1340,1162.9857177734375,631.5870361328125
l_1775563552_991325399,1341,1202.0423583984375,640.1475219726562
l_1775563552_991325399,1342,1196.8277587890625,670.596923828125
l_1775563552_991325399,1343,1158.030029296875,660.6116333007812
l_1775563552_991325399,1260,387.3129577636719,573.6743774414062
l_1775563552_991325399,1261,400.598388671875,569.2634887695312
l_1775563552_991325399,1262,400.41363525390625,589.0328979492188
l_1775563552_991325399,1263,386.5621032714844,594.3165283203125
l_1775563553_091355850,1340,1180.358154296875,632.5036010742188
l_1775563553_091355850,1341,1220.9630126953125,641.239501953125
l_1775563553_091355850,1342,1215.74658203125,672.4898681640625
l_1775563553_091355850,1343,1175.4105224609375,662.115234375
l_1775563553_091355850,1190,915.2200927734375,470.7585754394531
l_1775563553_091355850,1191,937.7081298828125,471.5257568359375
l_1775563553_091355850,1192,937.6467895507812,491.69061279296875
l_1775563553_091355850,1193,915.1411743164062,490.7850036621094
l_1775563553_091355850,1280,786.340087890625,376.0630798339844
l_1775563553_091355850,1281,806.585205078125,376.1497802734375
l_1775563553_091355850,1282,805.884033203125,395.49090576171875
l_1775563553_091355850,1283,785.4850463867188,395.2602844238281
l_1775563553_091355850,1300,675.2315063476562,547.229248046875
l_1775563553_091355850,1301,693.3477783203125,548.8260498046875
l_1775563553_091355850,1302,692.45361328125,567.029296875
l_1775563553_091355850,1303,674.4564208984375,565.5453491210938
l_1775563553_091355850,1220,587.9713134765625,419.5250244140625
l_1775563553_091355850,1221,604.496337890625,419.932373046875
l_1775563553_091355850,1222,603.6854248046875,437.4245910644531
l_1775563553_091355850,1223,586.8362426757812,437.0910949707031
l_1775563553_091355850,1260,390.6725769042969,575.7926025390625
l_1775563553_091355850,1261,404.3402099609375,571.4063720703125
l_1775563553_091355850,1262,403.9954833984375,591.477294921875
l_1775563553_091355850,1263,390.337890625,596.716064453125
l_1775563553_191144770,1340,1172.913330078125,636.5491943359375
l_1775563553_191144770,1341,1213.26416015625,645.487548828125
l_1775563553_191144770,1342,1208.1246337890625,676.8927001953125
l_1775563553_191144770,1343,1167.7418212890625,666.2627563476562
l_1775563553_191144770,1190,908.5280151367188,472.9586486816406
l_1775563553_191144770,1191,931.1392822265625,473.7271728515625
l_1775563553_191144770,1192,930.8956298828125,494.23443603515625
l_1775563553_191144770,1193,908.3528442382812,493.0361633300781
l_1775563553_191144770,1280,780.3031005859375,376.87451171875
l_1775563553_191144770,1281,800.6765747070312,377.07666015625
l_1775563553_191144770,1282,799.7867431640625,396.56353759765625
l_1775563553_191144770,1283,779.4442138671875,396.23138427734375
l_1775563553_191144770,1300,667.7865600585938,548.6055297851562
l_1775563553_191144770,1301,685.96142578125,550.2562255859375
l_1775563553_191144770,1302,685.0238037109375,568.6514282226562
l_1775563553_191144770,1303,666.9074096679688,566.9866943359375
l_1775563553_191144770,1220,580.4684448242188,419.24859619140625
l_1775563553_191144770,1221,597.1116943359375,419.7945556640625
l_1775563553_191144770,1222,596.2645874023438,437.3158264160156
l_1775563553_191144770,1223,579.2407836914062,436.78875732421875
l_1775563553_191144770,1260,378.6622009277344,576.7379760742188
l_1775563553_191144770,1261,392.4703369140625,572.3123779296875
l_1775563553_191144770,1262,392.2666931152344,592.3924560546875
l_1775563553_191144770,1263,378.0926818847656,597.844482421875
l_1775563553_291085178,1280,778.7662353515625,373.7311096191406
l_1775563553_291085178,1281,799.3292236328125,374.1001892089844
l_1775563553_291085178,1282,798.1887817382812,393.68719482421875
l_1775563553_291085178,1283,777.8300170898438,393.4429931640625
l_1775563553_291085178,1300,664.203857421875,546.0743408203125
l_1775563553_291085178,1301,682.3970336914062,547.9209594726562
l_1775563553_291085178,1302,681.3634033203125,566.2665405273438
l_1775563553_291085178,1303,662.9601440429688,564.6664428710938
l_1775563553_291085178,1190,906.7304077148438,471.5070495605469
l_1775563553_291085178,1191,929.5087280273438,472.44818115234375
l_1775563553_291085178,1192,929.0748901367188,492.8135986328125
l_1775563553_291085178,1193,906.4581909179688,491.6873474121094
l_1775563553_291085178,1220,576.8236694335938,414.9921569824219
l_1775563553_291085178,1221,593.646484375,415.5663146972656
l_1775563553_291085178,1222,592.5943603515625,433.4064025878906
l_1775563553_291085178,1223,575.5010986328125,432.79766845703125
l_1775563553_291085178,1260,371.5904541015625,572.994140625
l_1775563553_291085178,1261,385.6845703125,568.6174926757812
l_1775563553_291085178,1262,385.2496032714844,589.0623168945312
l_1775563553_291085178,1263,370.7850341796875,594.2635498046875
l_1775563553_291085178,1340,1171.507080078125,637.6880493164062
l_1775563553_291085178,1341,1212.307861328125,647.1179809570312
l_1775563553_291085178,1342,1206.645751953125,678.4558715820312
l_1775563553_291085178,1343,1166.02197265625,667.5075073242188
l_1775563553_390928567,1190,905.3855590820312,471.8499755859375
l_1775563553_390928567,1191,928.1558227539062,472.85540771484375
l_1775563553_390928567,1192,927.6886596679688,493.4541320800781
l_1775563553_390928567,1193,904.9847412109375,492.2851257324219
l_1775563553_390928567,1300,661.5331420898438,547.7564086914062
l_1775563553_390928567,1301,679.9964599609375,549.378662109375
l_1775563553_390928567,1302,678.6534423828125,568.1599731445312
l_1775563553_390928567,1303,660.3764038085938,566.3284912109375
l_1775563553_390928567,1340,1173.356689453125,639.0732421875
l_1775563553_390928567,1341,1214.8580322265625,648.3012084960938
l_1775563553_390928567,1342,1209.345947265625,680.0010986328125
l_1775563553_390928567,1343,1168.064208984375,669.2120361328125
l_1775563553_390928567,1280,776.5045166015625,373.6978454589844
l_1775563553_390928567,1281,797.098876953125,374.12628173828125
l_1775563553_390928567,1282,796.033203125,393.8260803222656
l_1775563553_390928567,1283,775.457763671875,393.48675537109375
l_1775563553_390928567,1260,365.0888671875,576.0132446289062
l_1775563553_390928567,1261,379.5718078613281,571.5111083984375
l_1775563553_390928567,1262,379.374755859375,592.1748657226562
l_1775563553_390928567,1263,364.54638671875,598.0009765625
l_1775563553_390928567,1220,573.016357421875,415.5982971191406
l_1775563553_390928567,1221,590.0618286132812,416.3266906738281
l_1775563553_390928567,1222,589.023681640625,434.33319091796875
l_1775563553_390928567,1223,571.6771850585938,433.7184753417969
l_1775563553_491287068,1280,769.6381225585938,373.029296875
l_1775563553_491287068,1281,790.4270629882812,373.2852478027344
l_1775563553_491287068,1282,789.7041015625,393.06610107421875
l_1775563553_491287068,1283,768.8804931640625,392.7286376953125
l_1775563553_491287068,1300,655.6279296875,549.18896484375
l_1775563553_491287068,1301,674.2750244140625,550.6288452148438
l_1775563553_491287068,1302,673.3629150390625,569.4486694335938
l_1775563553_491287068,1303,654.7352294921875,568.06787109375
l_1775563553_491287068,1190,899.6349487304688,470.4380798339844
l_1775563553_491287068,1191,922.3779907226562,471.3113098144531
l_1775563553_491287068,1192,922.3353271484375,491.7863464355469
l_1775563553_491287068,1193,899.5009765625,490.8017883300781
l_1775563553_491287068,1220,565.1180419921875,416.5322265625
l_1775563553_491287068,1221,582.2786865234375,417.1519470214844
l_1775563553_491287068,1222,581.4035034179688,435.3577880859375
l_1775563553_491287068,1223,563.7772216796875,434.9230041503906
l_1775563553_491287068,1260,354.523193359375,581.7369995117188
l_1775563553_491287068,1261,369.51129150390625,576.7147216796875
l_1775563553_491287068,1262,369.2748718261719,598.25146484375
l_1775563553_491287068,1263,354.2185363769531,603.9080810546875
l_1775563553_491287068,1340,1170.039306640625,635.69140625
l_1775563553_491287068,1341,1211.438232421875,644.649658203125
l_1775563553_491287068,1342,1206.587646484375,676.4642944335938
l_1775563553_491287068,1343,1165.49462890625,665.9053955078125
l_1775563553_591632219,1190,896.2661743164062,466.4362487792969
l_1775563553_591632219,1191,919.04248046875,466.85595703125
l_1775563553_591632219,1192,919.2920532226562,487.7061767578125
l_1775563553_591632219,1193,896.3623657226562,486.8598327636719
l_1775563553_591632219,1280,765.0604858398438,369.3229675292969
l_1775563553_591632219,1281,785.7382202148438,369.47784423828125
l_1775563553_591632219,1282,785.2806396484375,389.5090026855469
l_1775563553_591632219,1283,764.3807373046875,389.2481689453125
l_1775563553_591632219,1300,651.7291870117188,548.2466430664062
l_1775563553_591632219,1301,670.4791259765625,549.4534301757812
l_1775563553_591632219,1302,669.7146606445312,568.5848999023438
l_1775563553_591632219,1303,651.1220092773438,567.2996215820312
l_1775563553_591632219,1220,558.6743774414062,415.2286682128906
l_1775563553_591632219,1221,576.3096313476562,415.5596008300781
l_1775563553_591632219,1222,575.4725341796875,434.06024169921875
l_1775563553_591632219,1223,557.8853149414062,433.75433349609375
l_1775563553_591632219,1340,1169.899169921875,629.595947265625
l_1775563553_591632219,1341,1211.7705078125,638.28662109375
l_1775563553_591632219,1342,1207.0638427734375,670.33642578125
l_1775563553_591632219,1343,1165.5419921875,660.1934204101562
l_1775563553_591632219,1260,346.2969970703125,584.9149780273438
l_1775563553_591632219,1261,361.4254455566406,579.7981567382812
l_1775563553_591632219,1262,361.6055908203125,601.3729858398438
l_1775563553_591632219,1263,346.1869201660156,607.7091064453125
l_1775563553_691378809,1190,891.083740234375,466.2825927734375
l_1775563553_691378809,1191,913.7739868164062,466.656494140625
l_1775563553_691378809,1192,914.2139282226562,487.4256896972656
l_1775563553_691378809,1193,891.4277954101562,486.810546875
l_1775563553_691378809,1280,758.8713989257812,369.6058349609375
l_1775563553_691378809,1281,779.7713012695312,369.5188903808594
l_1775563553_691378809,1282,779.4346313476562,389.5612487792969
l_1775563553_691378809,1283,758.543212890625,389.55316162109375
l_1775563553_691378809,1220,551.2144775390625,416.8067626953125
l_1775563553_691378809,1221,569.0133056640625,417.008544921875
l_1775563553_691378809,1222,568.371826171875,435.6399841308594
l_1775563553_691378809,1223,550.570556640625,435.5682373046875
l_1775563553_691378809,1300,646.336181640625,550.562255859375
l_1775563553_691378809,1301,665.3289184570312,551.6807250976562
l_1775563553_691378809,1302,664.5013427734375,570.9351196289062
l_1775563553_691378809,1303,645.5177612304688,569.7354125976562
l_1775563553_691378809,1260,335.7801208496094,591.0076293945312
l_1775563553_691378809,1261,351.3001403808594,585.693603515625
l_1775563553_691378809,1262,351.26617431640625,607.7945556640625
l_1775563553_691378809,1263,335.528564453125,614.460205078125
l_1775563553_691378809,1340,1167.3836669921875,627.89892578125
l_1775563553_691378809,1341,1209.3629150390625,636.4320678710938
l_1775563553_691378809,1342,1205.2569580078125,668.5721435546875
l_1775563553_691378809,1343,1163.65380859375,658.5244140625
l_1775563553_791176560,1280,753.4730834960938,366.13958740234375
l_1775563553_791176560,1281,774.4146728515625,366.1276550292969
l_1775563553_791176560,1282,774.0076293945312,386.36181640625
l_1775563553_791176560,1283,753.2157592773438,386.30487060546875
l_1775563553_791176560,1300,640.479248046875,548.9925537109375
l_1775563553_791176560,1301,659.52490234375,550.0198364257812
l_1775563553_791176560,1302,659.017333984375,569.4346923828125
l_1775563553_791176560,1303,639.8814086914062,568.4669189453125
l_1775563553_791176560,1220,543.7282104492188,414.2766418457031
l_1775563553_791176560,1221,561.7369384765625,414.4424133300781
l_1775563553_791176560,1222,561.3463745117188,433.3576354980469
l_1775563553_791176560,1223,543.10595703125,433.21759033203125
l_1775563553_791176560,1190,885.9293212890625,463.1943359375
l_1775563553_791176560,1191,908.4821166992188,463.52252197265625
l_1775563553_791176560,1192,909.0482788085938,484.357177734375
l_1775563553_791176560,1193,886.3570556640625,483.8210144042969
l_1775563553_791176560,1260,324.42926025390625,592.414794921875
l_1775563553_791176560,1261,340.40814208984375,586.6195068359375
l_1775563553_791176560,1262,340.7885437011719,609.1428833007812
l_1775563553_791176560,1263,324.7162780761719,615.986083984375
l_1775563553_791176560,1340,1162.823486328125,624.1483764648438
l_1775563553_791176560,1341,1204.8138427734375,632.2655639648438
l_1775563553_791176560,1342,1200.7664794921875,664.453369140625
l_1775563553_791176560,1343,1158.7261962890625,654.97021484375
l_1775563553_891560783,1190,881.8515625,460.8377380371094
l_1775563553_891560783,1191,904.419677734375,461.0390625
l_1775563553_891560783,1192,905.0968017578125,481.7951354980469
l_1775563553_891560783,1193,882.518798828125,481.6351013183594
l_1775563553_891560783,1280,748.2484130859375,364.3962097167969
l_1775563553_891560783,1281,769.3128051757812,364.1873779296875
l_1775563553_891560783,1282,769.15771484375,384.6452331542969
l_1775563553_891560783,1283,748.1433715820312,384.89208984375
l_1775563553_891560783,1300,636.3095703125,549.7283935546875
l_1775563553_891560783,1301,655.5538330078125,550.6656494140625
l_1775563553_891560783,1302,655.1482543945312,570.1016845703125
l_1775563553_891560783,1303,635.7745361328125,569.3496704101562
l_1775563553_891560783,1220,537.1746215820312,414.6697082519531
l_1775563553_891560783,1221,555.35107421875,414.6947021484375
l_1775563553_891560783,1222,554.9228515625,433.8016357421875
l_1775563553_891560783,1223,536.5966186523438,433.8014831542969
l_1775563553_891560783,1340,1161.4200439453125,619.63330078125
l_1775563553_891560783,1341,1203.650146484375,627.367919921875
l_1775563553_891560783,1342,1200.1998291015625,659.7716674804688
l_1775563553_891560783,1343,1157.800537109375,650.4277954101562
l_1775563553_891560783,1260,315.6172180175781,597.927734375
l_1775563553_891560783,1261,332.10223388671875,591.7640380859375
l_1775563553_891560783,1262,332.650146484375,614.6447143554688
l_1775563553_891560783,1263,315.95245361328125,622.213623046875
l_1775563553_991544478,1190,877.5296630859375,460.93133544921875
l_1775563553_991544478,1191,900.0256958007812,461.0527038574219
l_1775563553_991544478,1192,900.8699340820312,481.9696044921875
l_1775563553_991544478,1193,878.3033447265625,481.88397216796875
l_1775563553_991544478,1280,743.0997924804688,364.6985778808594
l_1775563553_991544478,1281,764.2368774414062,364.4757995605469
l_1775563553_991544478,1282,764.195556640625,384.7940368652344
l_1775563553_991544478,1283,743.109130859375,385.33734130859375
l_1775563553_991544478,1300,631.4254150390625,552.0055541992188
l_1775563553_991544478,1301,650.9720458984375,552.6168212890625
l_1775563553_991544478,1302,650.5923461914062,572.5182495117188
l_1775563553_991544478,1303,631.1248168945312,571.79296875
l_1775563553_991544478,1220,530.4745483398438,416.3398742675781
l_1775563553_991544478,1221,548.9366455078125,416.1411437988281
l_1775563553_991544478,1222,548.6613159179688,435.44561767578125
l_1775563553_991544478,1223,530.1698608398438,435.5491638183594
l_1775563553_991544478,1260,305.528076171875,604.12255859375
l_1775563553_991544478,1261,322.6208190917969,597.4307250976562
l_1775563553_991544478,1262,323.21142578125,621.1194458007812
l_1775563553_991544478,1263,306.1522216796875,628.6602783203125
l_1775563553_991544478,1340,1159.05517578125,618.6972045898438
l_1775563553_991544478,1341,1201.498046875,626.2623901367188
l_1775563553_991544478,1342,1198.166748046875,658.5624389648438
l_1775563553_991544478,1343,1156.318603515625,649.6229858398438
l_1775563554_091657655,1280,743.9095458984375,362.90301513671875
l_1775563554_091657655,1281,765.2583618164062,362.5938720703125
l_1775563554_091657655,1282,765.1981811523438,383.3331298828125
l_1775563554_091657655,1283,743.773681640625,383.4513244628906
l_1775563554_091657655,1300,630.37890625,551.2257080078125
l_1775563554_091657655,1301,650.0049438476562,551.99560546875
l_1775563554_091657655,1302,649.5137939453125,571.8922119140625
l_1775563554_091657655,1303,629.849365234375,571.2166748046875
l_1775563554_091657655,1220,528.9557495117188,413.7561950683594
l_1775563554_091657655,1221,547.6925659179688,413.78857421875
l_1775563554_091657655,1222,547.3751831054688,433.27655029296875
l_1775563554_091657655,1223,528.6015625,433.298828125
l_1775563554_091657655,1340,1163.1536865234375,621.0576782226562
l_1775563554_091657655,1341,1206.246826171875,628.984619140625
l_1775563554_091657655,1342,1202.8701171875,661.6845703125
l_1775563554_091657655,1343,1160.0400390625,652.1428833007812
l_1775563554_091657655,1260,300.741455078125,602.793701171875
l_1775563554_091657655,1261,317.7646179199219,596.2693481445312
l_1775563554_091657655,1262,318.38580322265625,619.9508666992188
l_1775563554_091657655,1263,300.97393798828125,627.9511108398438
l_1775563554_091657655,1190,878.737548828125,460.5348205566406
l_1775563554_091657655,1191,901.4757080078125,460.6884460449219
l_1775563554_091657655,1192,902.2174072265625,481.7850341796875
l_1775563554_091657655,1193,879.4517822265625,481.6279296875
l_1775563554_191343017,1190,869.4917602539062,463.61029052734375
l_1775563554_191343017,1191,892.0851440429688,463.7759704589844
l_1775563554_191343017,1192,892.8042602539062,484.7779235839844
l_1775563554_191343017,1193,870.236572265625,484.56689453125
l_1775563554_191343017,1280,735.2098388671875,365.1726379394531
l_1775563554_191343017,1281,756.5198364257812,364.953857421875
l_1775563554_191343017,1282,756.2869262695312,385.8221435546875
l_1775563554_191343017,1283,735.1016845703125,386.00201416015625
l_1775563554_191343017,1300,620.6475219726562,554.6776123046875
l_1775563554_191343017,1301,640.522705078125,555.4597778320312
l_1775563554_191343017,1302,640.2368774414062,575.5611572265625
l_1775563554_191343017,1303,620.3883666992188,574.8099975585938
l_1775563554_191343017,1220,518.3424682617188,415.572265625
l_1775563554_191343017,1221,537.36865234375,415.5102233886719
l_1775563554_191343017,1222,536.8897094726562,435.2874755859375
l_1775563554_191343017,1223,517.7171630859375,435.24969482421875
l_1775563554_191343017,1260,282.94342041015625,608.4981079101562
l_1775563554_191343017,1261,300.90802001953125,601.3553466796875
l_1775563554_191343017,1262,301.31353759765625,626.1024169921875
l_1775563554_191343017,1263,283.5911560058594,633.865234375
l_1775563554_191343017,1340,1152.3955078125,624.1610717773438
l_1775563554_191343017,1341,1195.073486328125,632.0386962890625
l_1775563554_191343017,1342,1191.7960205078125,664.4569091796875
l_1775563554_191343017,1343,1149.7747802734375,655.3316650390625
l_1775563554_291571714,1190,872.0012817382812,462.98004150390625
l_1775563554_291571714,1191,894.8115234375,463.1028137207031
l_1775563554_291571714,1192,895.5559692382812,484.4297790527344
l_1775563554_291571714,1193,872.79443359375,484.1407470703125
l_1775563554_291571714,1280,736.0438232421875,364.2158203125
l_1775563554_291571714,1281,757.5626220703125,364.0921325683594
l_1775563554_291571714,1282,757.4949340820312,385.05950927734375
l_1775563554_291571714,1283,735.9893188476562,385.108642578125
l_1775563554_291571714,1300,621.3228759765625,555.9630737304688
l_1775563554_291571714,1301,641.2883911132812,556.580810546875
l_1775563554_291571714,1302,640.904296875,576.8801879882812
l_1775563554_291571714,1303,620.9142456054688,576.3982543945312
l_1775563554_291571714,1220,517.300048828125,416.0489501953125
l_1775563554_291571714,1221,536.603271484375,415.8341979980469
l_1775563554_291571714,1222,536.1907958984375,435.7163391113281
l_1775563554_291571714,1223,516.9410400390625,435.810302734375
l_1775563554_291571714,1340,1161.0496826171875,624.6025390625
l_1775563554_291571714,1341,1204.6522216796875,632.6336059570312
l_1775563554_291571714,1342,1201.6644287109375,665.5719604492188
l_1775563554_291571714,1343,1158.24755859375,656.1834106445312
l_1775563554_291571714,1260,279.94512939453125,612.1000366210938
l_1775563554_291571714,1261,298.1149597167969,605.0775146484375
l_1775563554_291571714,1262,298.63525390625,629.7116088867188
l_1775563554_291571714,1263,280.3466796875,638.3322143554688
l_1775563554_391576846,1260,268.9327697753906,614.3754272460938
l_1775563554_391576846,1261,287.69610595703125,606.8536376953125
l_1775563554_391576846,1262,288.0985107421875,632.0402221679688
l_1775563554_391576846,1263,269.20770263671875,641.0077514648438
l_1775563554_391576846,1190,869.3143310546875,462.98931884765625
l_1775563554_391576846,1191,892.0377197265625,462.9861755371094
l_1775563554_391576846,1192,892.8839111328125,484.3628234863281
l_1775563554_391576846,1193,869.9608764648438,484.25433349609375
l_1775563554_391576846,1280,732.5592041015625,363.1411437988281
l_1775563554_391576846,1281,754.3414306640625,362.818603515625
l_1775563554_391576846,1282,754.337646484375,384.1748962402344
l_1775563554_391576846,1283,732.4957885742188,384.2834777832031
l_1775563554_391576846,1220,511.4435119628906,415.0746765136719
l_1775563554_391576846,1221,530.8870849609375,414.9307861328125
l_1775563554_391576846,1222,530.5947265625,434.9957275390625
l_1775563554_391576846,1223,511.1356201171875,435.2091064453125
l_1775563554_391576846,1300,616.5971069335938,556.5546264648438
l_1775563554_391576846,1301,636.8291625976562,557.10400390625
l_1775563554_391576846,1302,636.5203857421875,577.714599609375
l_1775563554_391576846,1303,616.300537109375,577.024658203125
l_1775563554_391576846,1340,1160.4412841796875,625.5642700195312
l_1775563554_391576846,1341,1204.4107666015625,633.6509399414062
l_1775563554_391576846,1342,1201.4306640625,666.9033203125
l_1775563554_391576846,1343,1157.7666015625,657.5153198242188
l_1775563554_491594384,1190,872.3776245117188,464.63299560546875
l_1775563554_491594384,1191,895.3997192382812,464.7242431640625
l_1775563554_491594384,1192,896.2119750976562,486.4956359863281
l_1775563554_491594384,1193,873.2282104492188,486.1261901855469
l_1775563554_491594384,1300,616.4923095703125,558.1859741210938
l_1775563554_491594384,1301,636.9930419921875,559.1053466796875
l_1775563554_491594384,1302,636.5079345703125,579.7352294921875
l_1775563554_491594384,1303,616.0438842773438,578.9824829101562
l_1775563554_491594384,1220,510.9479064941406,414.6482849121094
l_1775563554_491594384,1221,530.570068359375,414.7039794921875
l_1775563554_491594384,1222,530.247802734375,434.97955322265625
l_1775563554_491594384,1223,510.3966369628906,434.9725341796875
l_1775563554_491594384,1260,263.26263427734375,615.4441528320312
l_1775563554_491594384,1261,282.5759582519531,608.0215454101562
l_1775563554_491594384,1262,283.1682434082031,633.6024780273438
l_1775563554_491594384,1263,263.4112854003906,642.5144653320312
l_1775563554_491594384,1280,734.6094970703125,363.26019287109375
l_1775563554_491594384,1281,756.588623046875,363.0707702636719
l_1775563554_491594384,1282,756.3330078125,384.58795166015625
l_1775563554_491594384,1283,734.4571533203125,384.4951477050781
l_1775563554_491594384,1340,1169.2635498046875,631.1195068359375
l_1775563554_491594384,1341,1214.6533203125,639.4962158203125
l_1775563554_491594384,1342,1211.4173583984375,673.4824829101562
l_1775563554_491594384,1343,1166.3837890625,663.4156494140625
l_1775563554_591359835,1300,614.3147583007812,562.2020874023438
l_1775563554_591359835,1301,635.0722045898438,563.0096435546875
l_1775563554_591359835,1302,634.5490112304688,584.064208984375
l_1775563554_591359835,1303,613.9420166015625,583.3280029296875
l_1775563554_591359835,1220,507.48974609375,416.8442687988281
l_1775563554_591359835,1221,527.449951171875,417.0521240234375
l_1775563554_591359835,1222,526.8455200195312,437.5200500488281
l_1775563554_591359835,1223,506.97808837890625,437.4234924316406
l_1775563554_591359835,1260,254.10684204101562,620.9398803710938
l_1775563554_591359835,1261,274.2639465332031,613.4224853515625
l_1775563554_591359835,1262,274.39288330078125,639.6163940429688
l_1775563554_591359835,1263,254.43392944335938,648.7094116210938
l_1775563554_591359835,1190,872.6513671875,467.5320129394531
l_1775563554_591359835,1191,895.9498901367188,467.68475341796875
l_1775563554_591359835,1192,896.9068603515625,489.5406494140625
l_1775563554_591359835,1193,873.487060546875,489.1711730957031
l_1775563554_591359835,1280,733.6239624023438,365.0604553222656
l_1775563554_591359835,1281,755.6663818359375,365.0312194824219
l_1775563554_591359835,1282,755.5226440429688,386.4736328125
l_1775563554_591359835,1283,733.448974609375,386.66302490234375
l_1775563554_591359835,1340,1175.4703369140625,636.2674560546875
l_1775563554_591359835,1341,1221.8653564453125,644.773681640625
l_1775563554_591359835,1342,1219.057861328125,679.3954467773438
l_1775563554_591359835,1343,1172.6861572265625,669.1741943359375
l_1775563554_691296544,1260,248.013671875,625.48388671875
l_1775563554_691296544,1261,268.71112060546875,617.4879760742188
l_1775563554_691296544,1262,269.1389465332031,644.0388793945312
l_1775563554_691296544,1263,248.29075622558594,653.4630737304688
l_1775563554_691296544,1190,874.6223754882812,465.9629821777344
l_1775563554_691296544,1191,898.2422485351562,466.1358947753906
l_1775563554_691296544,1192,899.2564086914062,488.2549133300781
l_1775563554_691296544,1193,875.6036376953125,488.0357666015625
l_1775563554_691296544,1280,733.5259399414062,363.09954833984375
l_1775563554_691296544,1281,755.92578125,362.89666748046875
l_1775563554_691296544,1282,755.8892822265625,384.7194519042969
l_1775563554_691296544,1283,733.4351806640625,384.807373046875
l_1775563554_691296544,1340,1184.564453125,635.7481689453125
l_1775563554_691296544,1341,1232.12158203125,644.4395141601562
l_1775563554_691296544,1342,1229.504150390625,679.5831298828125
l_1775563554_691296544,1343,1181.89453125,669.2449951171875
l_1775563554_691296544,1220,504.96795654296875,416.64801025390625
l_1775563554_691296544,1221,525.1937255859375,416.707275390625
l_1775563554_691296544,1222,524.777099609375,437.45770263671875
l_1775563554_691296544,1223,504.3917541503906,437.5028076171875
l_1775563554_691296544,1300,613.8069458007812,563.2705078125
l_1775563554_691296544,1301,634.6530151367188,563.8162231445312
l_1775563554_691296544,1302,634.3935546875,585.06640625
l_1775563554_691296544,1303,613.6409912109375,584.5068969726562
l_1775563554_791428150,1190,877.255126953125,462.59210205078125
l_1775563554_791428150,1191,901.0033569335938,462.6763610839844
l_1775563554_791428150,1192,902.1844482421875,485.1338195800781
l_1775563554_791428150,1193,878.2688598632812,484.926513671875
l_1775563554_791428150,1280,734.52978515625,358.6722412109375
l_1775563554_791428150,1281,757.2190551757812,358.3671875
l_1775563554_791428150,1282,757.133056640625,380.60235595703125
l_1775563554_791428150,1283,734.5211791992188,380.64495849609375
l_1775563554_791428150,1220,503.1541442871094,413.24676513671875
l_1775563554_791428150,1221,523.6178588867188,413.3341979980469
l_1775563554_791428150,1222,523.2841796875,434.2500915527344
l_1775563554_791428150,1223,502.6843566894531,434.44512939453125
l_1775563554_791428150,1260,242.4749755859375,625.6200561523438
l_1775563554_791428150,1261,263.5946044921875,617.2387084960938
l_1775563554_791428150,1262,264.23004150390625,644.1739501953125
l_1775563554_791428150,1263,242.92552185058594,653.8975219726562
l_1775563554_791428150,1340,1193.123046875,634.4984130859375
l_1775563554_791428150,1341,1242.1373291015625,643.4080810546875
l_1775563554_791428150,1342,1239.469482421875,679.2190551757812
l_1775563554_791428150,1343,1190.312744140625,668.5239868164062
l_1775563554_791428150,1300,613.5925903320312,561.253662109375
l_1775563554_791428150,1301,634.7111206054688,561.7872924804688
l_1775563554_791428150,1302,634.433349609375,583.4298095703125
l_1775563554_791428150,1303,613.414306640625,582.7005615234375
l_1775563554_891514552,1190,873.3436279296875,459.7100524902344
l_1775563554_891514552,1191,897.2133178710938,459.9444274902344
l_1775563554_891514552,1192,898.0304565429688,482.5995788574219
l_1775563554_891514552,1193,874.142578125,482.2394104003906
l_1775563554_891514552,1280,730.6182250976562,353.6776123046875
l_1775563554_891514552,1281,753.4874267578125,353.6903076171875
l_1775563554_891514552,1282,753.3265380859375,376.1086120605469
l_1775563554_891514552,1283,730.503173828125,376.1015930175781
l_1775563554_891514552,1300,607.2129516601562,557.9094848632812
l_1775563554_891514552,1301,628.5618896484375,558.678466796875
l_1775563554_891514552,1302,628.2163696289062,580.42822265625
l_1775563554_891514552,1303,606.8069458007812,579.6521606445312
l_1775563554_891514552,1220,495.7308654785156,407.4795227050781
l_1775563554_891514552,1221,516.4718017578125,407.6496276855469
l_1775563554_891514552,1222,516.2379150390625,428.93994140625
l_1775563554_891514552,1223,495.2349853515625,428.8729248046875
l_1775563554_891514552,1260,227.46255493164062,622.7275390625
l_1775563554_891514552,1261,249.7569122314453,613.8278198242188
l_1775563554_891514552,1262,250.30838012695312,641.4588012695312
l_1775563554_891514552,1263,228.2931671142578,651.4527587890625
l_1775563554_891514552,1340,1188.991943359375,634.2435913085938
l_1775563554_891514552,1341,1238.2392578125,643.2302856445312
l_1775563554_891514552,1342,1235.0069580078125,679.124755859375
l_1775563554_891514552,1343,1185.967041015625,668.1541137695312
l_1775563554_991512123,1260,220.4137725830078,619.8975219726562
l_1775563554_991512123,1261,243.30918884277344,610.6990966796875
l_1775563554_991512123,1262,243.82164001464844,638.5146484375
l_1775563554_991512123,1263,221.09124755859375,648.84130859375
l_1775563554_991512123,1280,731.6946411132812,349.28607177734375
l_1775563554_991512123,1281,754.8395385742188,349.3559875488281
l_1775563554_991512123,1282,754.5150756835938,372.00494384765625
l_1775563554_991512123,1283,731.413330078125,371.84906005859375
l_1775563554_991512123,1300,605.85498046875,555.2066040039062
l_1775563554_991512123,1301,627.4620361328125,556.012451171875
l_1775563554_991512123,1302,626.9097290039062,577.7639770507812
l_1775563554_991512123,1303,605.52490234375,577.0851440429688
l_1775563554_991512123,1220,493.7413635253906,402.6625671386719
l_1775563554_991512123,1221,514.8012084960938,402.8496398925781
l_1775563554_991512123,1222,514.382080078125,424.4786682128906
l_1775563554_991512123,1223,493.1856994628906,424.2350769042969
l_1775563554_991512123,1190,875.2965698242188,457.3939514160156
l_1775563554_991512123,1191,899.345458984375,457.56878662109375
l_1775563554_991512123,1192,900.1863403320312,480.2908020019531
l_1775563554_991512123,1193,875.9633178710938,479.9450378417969
l_1775563554_991512123,1340,1194.698486328125,635.47802734375
l_1775563554_991512123,1341,1244.8245849609375,645.10693359375
l_1775563554_991512123,1342,1241.455810546875,681.2423706054688
l_1775563554_991512123,1343,1191.356689453125,669.8585205078125
l_1775563555_091688558,1340,1191.311767578125,638.7247924804688
l_1775563555_091688558,1341,1241.6502685546875,648.4893188476562
l_1775563555_091688558,1342,1238.2642822265625,685.0324096679688
l_1775563555_091688558,1343,1188.0115966796875,673.4520874023438
l_1775563555_091688558,1260,203.77487182617188,623.535400390625
l_1775563555_091688558,1261,227.36441040039062,614.3471069335938
l_1775563555_091688558,1262,228.29933166503906,642.9732055664062
l_1775563555_091688558,1263,204.8553924560547,653.4817504882812
l_1775563555_091688558,1190,870.4795532226562,458.781494140625
l_1775563555_091688558,1191,894.5086059570312,459.0797424316406
l_1775563555_091688558,1192,895.3823852539062,482.0661926269531
l_1775563555_091688558,1193,871.2130737304688,481.6597595214844
l_1775563555_091688558,1300,599.2498779296875,557.1471557617188
l_1775563555_091688558,1301,621.0465698242188,557.9768676757812
l_1775563555_091688558,1302,620.4735717773438,580.1996459960938
l_1775563555_091688558,1303,598.6698608398438,579.3443603515625
l_1775563555_091688558,1280,726.70556640625,349.399658203125
l_1775563555_091688558,1281,750.0460815429688,349.5337219238281
l_1775563555_091688558,1282,749.64892578125,372.4755859375
l_1775563555_091688558,1283,726.3825073242188,372.2552490234375
l_1775563555_091688558,1220,485.6942443847656,402.285400390625
l_1775563555_091688558,1221,507.2306823730469,402.7182922363281
l_1775563555_091688558,1222,506.5787658691406,424.4833068847656
l_1775563555_091688558,1223,485.0787048339844,424.34625244140625
l_1775563555_191579461,1260,194.6135711669922,630.8038940429688
l_1775563555_191579461,1261,218.96231079101562,621.2295532226562
l_1775563555_191579461,1262,219.6512451171875,650.055419921875
l_1775563555_191579461,1263,195.16940307617188,661.4322509765625
l_1775563555_191579461,1190,871.0390625,459.3251953125
l_1775563555_191579461,1191,895.3923950195312,459.5195007324219
l_1775563555_191579461,1192,896.2525634765625,482.66986083984375
l_1775563555_191579461,1193,871.8650512695312,482.40203857421875
l_1775563555_191579461,1300,597.3564453125,560.1845092773438
l_1775563555_191579461,1301,619.5347900390625,560.8034057617188
l_1775563555_191579461,1302,619.003173828125,583.3303833007812
l_1775563555_191579461,1303,596.9566040039062,582.5029907226562
l_1775563555_191579461,1220,481.7146911621094,404.0213317871094
l_1775563555_191579461,1221,503.5082092285156,404.19598388671875
l_1775563555_191579461,1222,502.9319763183594,426.3387451171875
l_1775563555_191579461,1223,481.3426208496094,426.3572692871094
l_1775563555_191579461,1280,725.4585571289062,349.40087890625
l_1775563555_191579461,1281,748.87451171875,349.49261474609375
l_1775563555_191579461,1282,748.5615234375,372.64874267578125
l_1775563555_191579461,1283,725.1337280273438,372.53192138671875
l_1775563555_191579461,1340,1198.6265869140625,640.4942626953125
l_1775563555_191579461,1341,1250.1170654296875,650.3705444335938
l_1775563555_191579461,1342,1246.9478759765625,687.178955078125
l_1775563555_191579461,1343,1195.5574951171875,675.5197143554688
l_1775563555_291695682,1190,870.2754516601562,458.9683532714844
l_1775563555_291695682,1191,894.6590576171875,458.99432373046875
l_1775563555_291695682,1192,895.7794799804688,482.52886962890625
l_1775563555_291695682,1193,871.3016967773438,482.2361145019531
l_1775563555_291695682,1280,722.87353515625,348.4599609375
l_1775563555_291695682,1281,746.6319580078125,348.5129089355469
l_1775563555_291695682,1282,746.4959716796875,371.86865234375
l_1775563555_291695682,1283,722.7648315429688,371.85125732421875
l_1775563555_291695682,1260,181.8699951171875,637.556884765625
l_1775563555_291695682,1261,207.75335693359375,627.5505981445312
l_1775563555_291695682,1262,208.49490356445312,657.1137084960938
l_1775563555_291695682,1263,183.21505737304688,668.8086547851562
l_1775563555_291695682,1300,594.4805908203125,562.2193603515625
l_1775563555_291695682,1301,616.7200927734375,562.9365234375
l_1775563555_291695682,1302,616.520263671875,585.5881958007812
l_1775563555_291695682,1303,594.1895141601562,585.1622924804688
l_1775563555_291695682,1220,476.3601379394531,404.5255432128906
l_1775563555_291695682,1221,498.4375915527344,404.6363830566406
l_1775563555_291695682,1222,497.9610595703125,427.1604919433594
l_1775563555_291695682,1223,475.83245849609375,427.03338623046875
l_1775563555_291695682,1340,1203.734375,640.6293334960938
l_1775563555_291695682,1341,1256.40673828125,650.5341186523438
l_1775563555_291695682,1342,1253.9058837890625,688.174560546875
l_1775563555_291695682,1343,1201.073486328125,676.5270385742188
l_1775563555_391804667,1260,167.40049743652344,651.50537109375
l_1775563555_391804667,1261,194.64276123046875,640.4606323242188
l_1775563555_391804667,1262,195.32470703125,671.0761108398438
l_1775563555_391804667,1263,168.61705017089844,683.45751953125
l_1775563555_391804667,1190,869.5177001953125,464.706298828125
l_1775563555_391804667,1191,894.0641479492188,464.7181091308594
l_1775563555_391804667,1192,895.38525390625,488.3419494628906
l_1775563555_391804667,1193,870.7003784179688,488.2472839355469
l_1775563555_391804667,1300,591.405517578125,570.530517578125
l_1775563555_391804667,1301,614.0474243164062,571.271728515625
l_1775563555_391804667,1302,613.8617553710938,594.3185424804688
l_1775563555_391804667,1303,591.1378784179688,593.8585205078125
l_1775563555_391804667,1220,470.99700927734375,411.25543212890625
l_1775563555_391804667,1221,493.3778381347656,411.1509704589844
l_1775563555_391804667,1222,492.98614501953125,433.9008483886719
l_1775563555_391804667,1223,470.65972900390625,433.8712158203125
l_1775563555_391804667,1340,1210.6968994140625,647.6791381835938
l_1775563555_391804667,1342,1262.7008056640625,696.0103149414062
l_1775563555_391804667,1343,1208.69384765625,684.2340087890625
l_1775563555_391804667,1280,720.4239501953125,353.8018493652344
l_1775563555_391804667,1281,744.3602905273438,353.9189147949219
l_1775563555_391804667,1282,744.2886962890625,377.4934387207031
l_1775563555_391804667,1283,720.3068237304688,377.3914489746094
l_1775563555_491763364,1280,715.3623046875,355.2001953125
l_1775563555_491763364,1281,739.3856201171875,355.15924072265625
l_1775563555_491763364,1282,739.4989624023438,378.87799072265625
l_1775563555_491763364,1283,715.3416137695312,378.8454284667969
l_1775563555_491763364,1300,585.2550659179688,574.8683471679688
l_1775563555_491763364,1301,608.348388671875,575.4227294921875
l_1775563555_491763364,1302,608.1420288085938,598.8758544921875
l_1775563555_491763364,1303,585.2061767578125,598.5269775390625
l_1775563555_491763364,1220,462.49798583984375,413.2694396972656
l_1775563555_491763364,1221,485.3515930175781,413.3712158203125
l_1775563555_491763364,1222,484.8459777832031,436.38671875
l_1775563555_491763364,1223,462.09796142578125,436.5533447265625
l_1775563555_491763364,1260,147.92779541015625,661.427978515625
l_1775563555_491763364,1261,176.47586059570312,649.7903442382812
l_1775563555_491763364,1262,177.46533203125,681.0690307617188
l_1775563555_491763364,1263,149.31915283203125,694.4512329101562
l_1775563555_491763364,1190,865.4944458007812,466.8638610839844
l_1775563555_491763364,1191,890.106689453125,466.80108642578125
l_1775563555_491763364,1192,891.6201171875,490.4815673828125
l_1775563555_491763364,1193,866.9814453125,490.49725341796875
l_1775563555_491763364,1340,1210.5230712890625,650.2059326171875
l_1775563555_491763364,1342,1263.609375,698.7706909179688
l_1775563555_491763364,1343,1208.8077392578125,687.0298461914062
l_1775563555_591659865,1260,127.51827239990234,665.3400268554688
l_1775563555_591659865,1261,157.6470184326172,652.964599609375
l_1775563555_591659865,1262,158.72935485839844,685.3301391601562
l_1775563555_591659865,1263,128.74732971191406,699.889404296875
l_1775563555_591659865,1280,708.6234741210938,348.75750732421875
l_1775563555_591659865,1281,732.8684692382812,348.7010498046875
l_1775563555_591659865,1282,733.2044067382812,372.8770446777344
l_1775563555_591659865,1283,708.7969970703125,372.7628173828125
l_1775563555_591659865,1190,860.05810546875,461.20233154296875
l_1775563555_591659865,1191,884.6484985351562,461.1538391113281
l_1775563555_591659865,1192,886.2439575195312,484.8786315917969
l_1775563555_591659865,1193,861.451416015625,484.8560791015625
l_1775563555_591659865,1300,578.029541015625,572.1673583984375
l_1775563555_591659865,1301,601.4244995117188,572.3861694335938
l_1775563555_591659865,1302,601.4595947265625,596.1742553710938
l_1775563555_591659865,1303,578.064453125,595.9365234375
l_1775563555_591659865,1220,451.6399841308594,408.5246887207031
l_1775563555_591659865,1221,474.90216064453125,408.50665283203125
l_1775563555_591659865,1222,474.8061218261719,431.93896484375
l_1775563555_591659865,1223,451.46185302734375,432.2947998046875
l_1775563555_591659865,1340,1206.150634765625,643.3373413085938
l_1775563555_591659865,1341,1260.3687744140625,652.7290649414062
l_1775563555_591659865,1342,1258.8525390625,691.4562377929688
l_1775563555_591659865,1343,1204.4119873046875,680.2236328125
l_1775563555_691837832,1260,90.3506851196289,676.3798828125
l_1775563555_691837832,1261,123.0398941040039,662.3466186523438
l_1775563555_691837832,1262,124.64728546142578,695.838134765625
l_1775563555_691837832,1263,92.0787582397461,711.9390869140625
l_1775563555_691837832,1190,845.8483276367188,460.2012939453125
l_1775563555_691837832,1191,870.2443237304688,459.8882141113281
l_1775563555_691837832,1192,871.7879638671875,483.70623779296875
l_1775563555_691837832,1193,847.4186401367188,483.8775634765625
l_1775563555_691837832,1220,432.6529541015625,407.03106689453125
l_1775563555_691837832,1221,456.76519775390625,407.0000915527344
l_1775563555_691837832,1222,456.6787414550781,431.0908508300781
l_1775563555_691837832,1223,432.5209045410156,431.3904113769531
l_1775563555_691837832,1300,563.0726928710938,573.5139770507812
l_1775563555_691837832,1301,586.827880859375,573.5326538085938
l_1775563555_691837832,1302,586.8942260742188,597.5535278320312
l_1775563555_691837832,1303,563.0673217773438,597.6173706054688
l_1775563555_691837832,1280,694.5213012695312,346.7235107421875
l_1775563555_691837832,1281,719.0538940429688,346.90863037109375
l_1775563555_691837832,1282,719.4022827148438,371.207763671875
l_1775563555_691837832,1283,694.8673706054688,371.1703796386719
l_1775563555_691837832,1340,1187.2220458984375,639.7021484375
l_1775563555_691837832,1341,1240.135498046875,648.87353515625
l_1775563555_691837832,1342,1238.974609375,686.9755859375
l_1775563555_691837832,1343,1185.9288330078125,676.4315795898438
l_1775563555_791286246,1261,104.63227081298828,662.6961669921875
l_1775563555_791286246,1262,106.27129364013672,697.3179931640625
l_1775563555_791286246,1263,71.90424346923828,713.933349609375
l_1775563555_791286246,1220,426.1646728515625,403.4751892089844
l_1775563555_791286246,1221,450.7204895019531,403.6761779785156
l_1775563555_791286246,1222,450.52081298828125,428.27252197265625
l_1775563555_791286246,1223,425.72698974609375,428.1914367675781
l_1775563555_791286246,1300,557.4618530273438,573.4979858398438
l_1775563555_791286246,1301,581.697021484375,573.6146850585938
l_1775563555_791286246,1302,581.6173095703125,598.0068359375
l_1775563555_791286246,1303,557.40966796875,597.9234619140625
l_1775563555_791286246,1190,844.1311645507812,460.7596435546875
l_1775563555_791286246,1191,868.5208740234375,460.7073059082031
l_1775563555_791286246,1192,869.8973388671875,484.736083984375
l_1775563555_791286246,1193,845.5195922851562,484.7427062988281
l_1775563555_791286246,1340,1187.43603515625,644.7748413085938
l_1775563555_791286246,1341,1240.5267333984375,654.1680297851562
l_1775563555_791286246,1342,1239.12744140625,692.5852661132812
l_1775563555_791286246,1343,1185.6689453125,681.4100341796875
l_1775563555_791286246,1280,692.6525268554688,344.79241943359375
l_1775563555_791286246,1281,717.4264526367188,345.1598815917969
l_1775563555_791286246,1282,717.4017333984375,369.8217468261719
l_1775563555_791286246,1283,692.5790405273438,369.54779052734375
l_1775563555_891461941,1220,416.4750061035156,403.96539306640625
l_1775563555_891461941,1221,441.70172119140625,404.3382263183594
l_1775563555_891461941,1222,441.2724914550781,429.2396240234375
l_1775563555_891461941,1223,415.9615783691406,429.0362243652344
l_1775563555_891461941,1300,549.514892578125,577.2554321289062
l_1775563555_891461941,1301,574.3256225585938,577.543701171875
l_1775563555_891461941,1302,574.0397338867188,602.3134765625
l_1775563555_891461941,1303,549.3638305664062,602.279296875
l_1775563555_891461941,1190,839.31982421875,464.35693359375
l_1775563555_891461941,1191,863.791015625,464.39813232421875
l_1775563555_891461941,1192,865.2509155273438,488.67047119140625
l_1775563555_891461941,1193,840.5699462890625,488.538330078125
l_1775563555_891461941,1280,687.5999145507812,346.4252624511719
l_1775563555_891461941,1281,712.4747314453125,347.0251159667969
l_1775563555_891461941,1282,712.39892578125,371.86181640625
l_1775563555_891461941,1283,687.4417724609375,371.39617919921875
l_1775563555_891461941,1340,1184.1602783203125,650.9383544921875
l_1775563555_891461941,1341,1237.7412109375,660.762451171875
l_1775563555_891461941,1342,1236.4068603515625,699.698486328125
l_1775563555_891461941,1343,1182.5765380859375,688.0247192382812
l_1775563555_991457735,1220,413.1848449707031,405.3101501464844
l_1775563555_991457735,1221,438.6695251464844,405.57061767578125
l_1775563555_991457735,1222,438.1982116699219,430.97979736328125
l_1775563555_991457735,1223,412.5444641113281,430.701416015625
l_1775563555_991457735,1300,547.4821166992188,581.3883666992188
l_1775563555_991457735,1301,572.5867919921875,581.6776733398438
l_1775563555_991457735,1302,572.3869018554688,606.8435668945312
l_1775563555_991457735,1303,547.333740234375,606.6909790039062
l_1775563555_991457735,1280,687.9298095703125,347.833740234375
l_1775563555_991457735,1281,713.2824096679688,348.6038513183594
l_1775563555_991457735,1282,713.1444702148438,373.59735107421875
l_1775563555_991457735,1283,687.8629150390625,373.2608947753906
l_1775563555_991457735,1190,841.2326049804688,467.63153076171875
l_1775563555_991457735,1191,865.8218383789062,467.7808837890625
l_1775563555_991457735,1192,867.292724609375,492.3269348144531
l_1775563555_991457735,1193,842.4658813476562,492.17041015625
l_1775563555_991457735,1340,1193.0010986328125,658.4454345703125
l_1775563555_991457735,1341,1248.0477294921875,668.72265625
l_1775563555_991457735,1342,1247.0166015625,708.4893188476562
l_1775563555_991457735,1343,1191.6248779296875,696.3736572265625
l_1775563556_091645499,1220,400.759765625,403.2691345214844
l_1775563556_091645499,1221,427.0331115722656,403.834716796875
l_1775563556_091645499,1222,426.2792053222656,429.620849609375
l_1775563556_091645499,1223,400.1071472167969,429.2362365722656
l_1775563556_091645499,1190,834.7532958984375,469.96319580078125
l_1775563556_091645499,1191,859.4749755859375,470.39892578125
l_1775563556_091645499,1192,860.7106323242188,494.96624755859375
l_1775563556_091645499,1193,836.062255859375,494.6486511230469
l_1775563556_091645499,1280,681.50341796875,347.57611083984375
l_1775563556_091645499,1281,706.890380859375,348.56390380859375
l_1775563556_091645499,1282,706.7010498046875,373.8896179199219
l_1775563556_091645499,1283,681.356201171875,373.2142639160156
l_1775563556_091645499,1340,1187.247802734375,664.3748779296875
l_1775563556_091645499,1341,1242.2943115234375,674.8216552734375
l_1775563556_091645499,1342,1241.2764892578125,714.872802734375
l_1775563556_091645499,1343,1185.9093017578125,702.4241333007812
l_1775563556_091645499,1300,537.3883056640625,583.6044311523438
l_1775563556_091645499,1301,562.8012084960938,584.0383911132812
l_1775563556_091645499,1302,562.2901611328125,609.6841430664062
l_1775563556_091645499,1303,536.61962890625,609.508544921875
l_1775563556_191502040,1220,393.80841064453125,402.4181823730469
l_1775563556_191502040,1221,420.61346435546875,403.2230224609375
l_1775563556_191502040,1222,419.7489929199219,429.4042053222656
l_1775563556_191502040,1223,392.8417663574219,428.64862060546875
l_1775563556_191502040,1300,532.2587890625,586.539794921875
l_1775563556_191502040,1301,558.2311401367188,587.0006103515625
l_1775563556_191502040,1302,557.4466552734375,613.1783447265625
l_1775563556_191502040,1303,531.619384765625,612.7359008789062
l_1775563556_191502040,1190,834.3104248046875,472.1390686035156
l_1775563556_191502040,1191,859.2644653320312,472.543701171875
l_1775563556_191502040,1192,860.4634399414062,497.565185546875
l_1775563556_191502040,1193,835.43212890625,497.08721923828125
l_1775563556_191502040,1280,679.7107543945312,347.42401123046875
l_1775563556_191502040,1281,705.4453125,348.4773864746094
l_1775563556_191502040,1282,705.2811279296875,374.1851806640625
l_1775563556_191502040,1283,679.3745727539062,373.3555908203125
l_1775563556_191502040,1340,1192.818603515625,670.595947265625
l_1775563556_191502040,1341,1249.4869384765625,681.8466186523438
l_1775563556_191502040,1342,1248.3841552734375,722.5581665039062
l_1775563556_191502040,1343,1192.115966796875,709.5527954101562
l_1775563556_291542484,1300,524.5746459960938,592.2322998046875
l_1775563556_291542484,1301,551.0093994140625,592.5220336914062
l_1775563556_291542484,1302,550.4822998046875,619.1033935546875
l_1775563556_291542484,1303,523.993896484375,618.99365234375
l_1775563556_291542484,1280,674.1031494140625,348.7819519042969
l_1775563556_291542484,1281,700.210693359375,349.95013427734375
l_1775563556_291542484,1282,699.9082641601562,376.0069885253906
l_1775563556_291542484,1283,673.8822021484375,375.09149169921875
l_1775563556_291542484,1190,830.595947265625,474.85809326171875
l_1775563556_291542484,1191,855.7236328125,475.3064270019531
l_1775563556_291542484,1192,857.1424560546875,500.6494140625
l_1775563556_291542484,1193,831.8988037109375,500.37481689453125
l_1775563556_291542484,1220,382.94500732421875,404.4341125488281
l_1775563556_291542484,1221,410.42376708984375,405.302001953125
l_1775563556_291542484,1222,409.40625,432.00506591796875
l_1775563556_291542484,1223,381.83367919921875,431.3977966308594
l_1775563556_291542484,1340,1195.2109375,675.6815795898438
l_1775563556_291542484,1341,1252.6058349609375,686.9249877929688
l_1775563556_291542484,1342,1252.252685546875,728.39208984375
l_1775563556_291542484,1343,1194.7606201171875,715.0916137695312
l_1775563556_391432534,1300,509.7437744140625,595.5157470703125
l_1775563556_391432534,1301,536.7910766601562,595.5283203125
l_1775563556_391432534,1302,536.4962158203125,622.6285400390625
l_1775563556_391432534,1303,509.3256530761719,622.8489379882812
l_1775563556_391432534,1190,818.8037109375,473.6580505371094
l_1775563556_391432534,1191,843.8215942382812,473.893310546875
l_1775563556_391432534,1192,845.4320068359375,499.38299560546875
l_1775563556_391432534,1193,820.2490234375,499.1771240234375
l_1775563556_391432534,1220,362.0409851074219,404.2677917480469
l_1775563556_391432534,1221,390.505859375,404.9165954589844
l_1775563556_391432534,1222,389.6827697753906,432.5198059082031
l_1775563556_391432534,1223,360.944580078125,432.06103515625
l_1775563556_391432534,1280,660.5503540039062,346.580322265625
l_1775563556_391432534,1281,687.0306396484375,347.7076416015625
l_1775563556_391432534,1282,686.8323364257812,374.20538330078125
l_1775563556_391432534,1283,660.4017333984375,373.2210693359375
l_1775563556_391432534,1340,1183.1669921875,672.125244140625
l_1775563556_391432534,1341,1239.9332275390625,682.4899291992188
l_1775563556_391432534,1342,1239.76611328125,724.2003173828125
l_1775563556_391432534,1343,1183.144287109375,711.5460205078125
l_1775563556_491281587,1300,504.43133544921875,596.1746215820312
l_1775563556_491281587,1301,531.9055786132812,596.1271362304688
l_1775563556_491281587,1302,531.611083984375,623.6094360351562
l_1775563556_491281587,1303,504.0046081542969,623.9249877929688
l_1775563556_491281587,1220,352.1568298339844,402.1210021972656
l_1775563556_491281587,1221,381.306884765625,402.9523620605469
l_1775563556_491281587,1222,380.8351745605469,430.97039794921875
l_1775563556_491281587,1223,351.48809814453125,430.56622314453125
l_1775563556_491281587,1190,817.1166381835938,471.10052490234375
l_1775563556_491281587,1191,842.3314208984375,471.22998046875
l_1775563556_491281587,1192,844.0787963867188,496.95819091796875
l_1775563556_491281587,1193,818.609375,496.7003479003906
l_1775563556_491281587,1280,656.4336547851562,342.6112365722656
l_1775563556_491281587,1281,683.3780517578125,343.6810607910156
l_1775563556_491281587,1282,683.327392578125,370.6229248046875
l_1775563556_491281587,1283,656.4960327148438,369.6041259765625
l_1775563556_491281587,1340,1186.9368896484375,670.6331176757812
l_1775563556_491281587,1341,1244.6837158203125,681.3441772460938
l_1775563556_491281587,1342,1244.7767333984375,723.3544921875
l_1775563556_491281587,1343,1186.9710693359375,710.702880859375
l_1775563556_591662589,1280,641.8291015625,338.05859375
l_1775563556_591662589,1281,668.9536743164062,339.4485778808594
l_1775563556_591662589,1282,669.0422973632812,366.66448974609375
l_1775563556_591662589,1283,641.867431640625,365.51837158203125
l_1775563556_591662589,1220,328.1837158203125,396.7931213378906
l_1775563556_591662589,1221,358.67999267578125,397.5236511230469
l_1775563556_591662589,1222,358.054443359375,426.52166748046875
l_1775563556_591662589,1223,327.3345031738281,425.91546630859375
l_1775563556_591662589,1190,802.832275390625,468.996337890625
l_1775563556_591662589,1191,827.9789428710938,469.1924743652344
l_1775563556_591662589,1192,829.6320190429688,495.00531005859375
l_1775563556_591662589,1193,804.448486328125,494.801513671875
l_1775563556_591662589,1300,486.2874755859375,595.8533935546875
l_1775563556_591662589,1301,514.520263671875,595.70654296875
l_1775563556_591662589,1302,514.1873779296875,623.8694458007812
l_1775563556_591662589,1303,485.7884216308594,624.3738403320312
l_1775563556_591662589,1340,1167.367431640625,668.1133422851562
l_1775563556_591662589,1341,1223.27880859375,678.4008178710938
l_1775563556_591662589,1342,1223.51318359375,720.1640625
l_1775563556_591662589,1343,1166.5633544921875,707.7505493164062
l_1775563556_691892684,1220,308.6437072753906,391.0788879394531
l_1775563556_691892684,1221,340.45947265625,392.1226806640625
l_1775563556_691892684,1222,339.8638000488281,421.797119140625
l_1775563556_691892684,1223,307.7877502441406,421.1643371582031
l_1775563556_691892684,1300,472.1181640625,595.3143310546875
l_1775563556_691892684,1301,501.2571716308594,595.0040893554688
l_1775563556_691892684,1302,500.89019775390625,623.7618408203125
l_1775563556_691892684,1303,471.7519836425781,624.3961791992188
l_1775563556_691892684,1280,631.5931396484375,333.1586608886719
l_1775563556_691892684,1281,659.0501708984375,334.7195739746094
l_1775563556_691892684,1282,659.0574951171875,362.523681640625
l_1775563556_691892684,1283,631.48095703125,361.0999450683594
l_1775563556_691892684,1190,793.3655395507812,466.4923095703125
l_1775563556_691892684,1191,818.3718872070312,466.7129211425781
l_1775563556_691892684,1192,819.951904296875,492.74951171875
l_1775563556_691892684,1193,794.68505859375,492.65740966796875
l_1775563556_691892684,1340,1155.52685546875,666.2625122070312
l_1775563556_691892684,1341,1210.9979248046875,676.52587890625
l_1775563556_691892684,1342,1210.8853759765625,718.0316162109375
l_1775563556_691892684,1343,1154.9486083984375,705.8588256835938
l_1775563556_791408715,1280,617.7298583984375,330.3823547363281
l_1775563556_791408715,1281,645.6529541015625,331.7906188964844
l_1775563556_791408715,1282,645.7241821289062,359.9168701171875
l_1775563556_791408715,1283,617.91650390625,358.6655578613281
l_1775563556_791408715,1220,284.80987548828125,389.6622009277344
l_1775563556_791408715,1221,318.19140625,390.7845153808594
l_1775563556_791408715,1222,317.6977233886719,421.40875244140625
l_1775563556_791408715,1223,284.2330017089844,420.8715515136719
l_1775563556_791408715,1190,781.550048828125,464.86590576171875
l_1775563556_791408715,1191,806.5520629882812,465.1113586425781
l_1775563556_791408715,1192,808.2831420898438,491.1091003417969
l_1775563556_791408715,1193,783.106201171875,491.2273864746094
l_1775563556_791408715,1300,456.39910888671875,598.5184936523438
l_1775563556_791408715,1301,486.4162902832031,597.8356323242188
l_1775563556_791408715,1302,486.0787658691406,627.24072265625
l_1775563556_791408715,1303,456.3175964355469,628.1937255859375
l_1775563556_791408715,1340,1142.578857421875,662.1257934570312
l_1775563556_791408715,1341,1197.2464599609375,671.5188598632812
l_1775563556_791408715,1342,1197.358642578125,712.9956665039062
l_1775563556_791408715,1343,1142.2025146484375,701.51513671875
l_1775563556_891385769,1280,602.3901977539062,324.0108337402344
l_1775563556_891385769,1281,630.7359619140625,325.70452880859375
l_1775563556_891385769,1282,631.0592041015625,354.4067077636719
l_1775563556_891385769,1283,602.55322265625,352.9928283691406
l_1775563556_891385769,1190,767.8760986328125,460.45538330078125
l_1775563556_891385769,1191,792.8854370117188,460.5229797363281
l_1775563556_891385769,1192,794.6746826171875,486.7980041503906
l_1775563556_891385769,1193,769.5677490234375,486.9501647949219
l_1775563556_891385769,1300,438.29827880859375,598.9610595703125
l_1775563556_891385769,1301,469.1611633300781,598.0226440429688
l_1775563556_891385769,1302,469.1128845214844,627.95361328125
l_1775563556_891385769,1303,438.2496643066406,629.525390625
l_1775563556_891385769,1220,256.55340576171875,384.5542297363281
l_1775563556_891385769,1221,291.80517578125,385.5608215332031
l_1775563556_891385769,1222,291.62274169921875,417.3753356933594
l_1775563556_891385769,1223,256.09136962890625,417.0116271972656
l_1775563556_891385769,1340,1126.0196533203125,654.6297607421875
l_1775563556_891385769,1341,1179.2337646484375,663.2509765625
l_1775563556_891385769,1342,1179.6163330078125,704.248779296875
l_1775563556_891385769,1343,1125.6243896484375,693.73974609375
l_1775563556_991648647,1220,227.86618041992188,387.75994873046875
l_1775563556_991648647,1221,265.2012634277344,388.674072265625
l_1775563556_991648647,1222,265.3143615722656,421.69659423828125
l_1775563556_991648647,1223,227.6951904296875,421.4308776855469
l_1775563556_991648647,1300,420.6645812988281,607.0971069335938
l_1775563556_991648647,1301,452.7747497558594,605.3060302734375
l_1775563556_991648647,1302,453.12109375,636.1180419921875
l_1775563556_991648647,1303,421.01177978515625,638.4003295898438
l_1775563556_991648647,1280,586.4617919921875,324.10968017578125
l_1775563556_991648647,1281,615.3248901367188,325.8172302246094
l_1775563556_991648647,1282,615.9259033203125,354.8419494628906
l_1775563556_991648647,1283,586.9276123046875,353.5594787597656
l_1775563556_991648647,1340,1112.65380859375,650.4437866210938
l_1775563556_991648647,1341,1164.86572265625,658.0357055664062
l_1775563556_991648647,1342,1165.9210205078125,698.9041137695312
l_1775563556_991648647,1343,1113.2054443359375,689.3098754882812
l_1775563556_991648647,1190,754.6539916992188,460.960205078125
l_1775563556_991648647,1191,779.5330810546875,460.8006591796875
l_1775563556_991648647,1192,781.8224487304688,487.3022155761719
l_1775563556_991648647,1193,756.8237915039062,487.6689758300781
l_1775563557_091512482,1300,388.57958984375,618.5582885742188
l_1775563557_091512482,1301,422.4119567871094,615.8910522460938
l_1775563557_091512482,1302,423.1723937988281,647.6307983398438
l_1775563557_091512482,1303,389.2670593261719,651.0144653320312
l_1775563557_091512482,1220,177.61907958984375,391.8077697753906
l_1775563557_091512482,1221,218.82623291015625,392.6269836425781
l_1775563557_091512482,1222,219.11337280273438,427.3983154296875
l_1775563557_091512482,1223,177.850830078125,427.469482421875
l_1775563557_091512482,1280,557.6854858398438,325.1903381347656
l_1775563557_091512482,1281,587.2486572265625,327.1306457519531
l_1775563557_091512482,1282,588.2242431640625,356.4130859375
l_1775563557_091512482,1283,558.6351928710938,355.2019958496094
l_1775563557_091512482,1190,729.0277099609375,462.81591796875
l_1775563557_091512482,1191,753.5336303710938,462.3083190917969
l_1775563557_091512482,1192,756.1692504882812,488.7026672363281
l_1775563557_091512482,1193,731.4666748046875,489.5850830078125
l_1775563557_091512482,1340,1079.6517333984375,644.2202758789062
l_1775563557_091512482,1341,1129.16162109375,650.436279296875
l_1775563557_091512482,1342,1131.0234375,690.4845581054688
l_1775563557_091512482,1343,1081.05419921875,682.432861328125
l_1775563557_191580640,1220,133.6006317138672,384.9125671386719
l_1775563557_191580640,1221,177.96572875976562,386.1997985839844
l_1775563557_191580640,1222,178.91146850585938,422.60260009765625
l_1775563557_191580640,1223,133.81039428710938,422.4834899902344
l_1775563557_191580640,1280,535.9484252929688,318.949951171875
l_1775563557_191580640,1281,566.3082885742188,321.1686096191406
l_1775563557_191580640,1282,567.35888671875,351.345703125
l_1775563557_191580640,1283,537.1085205078125,349.6393127441406
l_1775563557_191580640,1190,709.6483764648438,459.596435546875
l_1775563557_191580640,1191,734.1270751953125,459.2264099121094
l_1775563557_191580640,1192,736.5939331054688,485.7226867675781
l_1775563557_191580640,1193,711.9745483398438,486.5939025878906
l_1775563557_191580640,1340,1053.9888916015625,638.556884765625
l_1775563557_191580640,1341,1101.2720947265625,644.0511474609375
l_1775563557_191580640,1342,1103.0927734375,683.1575927734375
l_1775563557_191580640,1343,1055.2850341796875,675.7675170898438
l_1775563557_191580640,1300,360.8872375488281,620.7365112304688
l_1775563557_191580640,1301,396.55078125,617.4727172851562
l_1775563557_191580640,1302,397.4813232421875,650.2509155273438
l_1775563557_191580640,1303,361.8165588378906,654.2802734375
l_1775563557_291847960,1300,342.711181640625,626.23193359375
l_1775563557_291847960,1301,379.5956115722656,622.4815673828125
l_1775563557_291847960,1302,380.37811279296875,656.0112915039062
l_1775563557_291847960,1303,343.4574890136719,660.4965209960938
l_1775563557_291847960,1280,523.293701171875,317.43756103515625
l_1775563557_291847960,1281,553.9921264648438,319.8861999511719
l_1775563557_291847960,1282,555.2029418945312,350.55950927734375
l_1775563557_291847960,1283,524.4168701171875,348.6807556152344
l_1775563557_291847960,1190,698.8658447265625,460.72186279296875
l_1775563557_291847960,1191,723.3427734375,460.2745361328125
l_1775563557_291847960,1192,726.0421142578125,487.1657409667969
l_1775563557_291847960,1193,701.5524291992188,487.9729309082031
l_1775563557_291847960,1220,103.07000732421875,382.72833251953125
l_1775563557_291847960,1221,150.67105102539062,384.0813903808594
l_1775563557_291847960,1222,151.2621612548828,422.0395812988281
l_1775563557_291847960,1223,103.52803802490234,421.7590637207031
l_1775563557_291847960,1340,1042.34228515625,639.8069458007812
l_1775563557_291847960,1341,1089.0416259765625,645.0274047851562
l_1775563557_291847960,1342,1091.07568359375,684.1465454101562
l_1775563557_291847960,1343,1043.765625,676.929931640625
l_1775563557_391501263,1280,514.1582641601562,317.2817687988281
l_1775563557_391501263,1281,545.49609375,319.8486328125
l_1775563557_391501263,1282,546.7214965820312,351.0018615722656
l_1775563557_391501263,1283,515.4082641601562,349.13751220703125
l_1775563557_391501263,1300,328.8734436035156,632.688232421875
l_1775563557_391501263,1301,367.0935363769531,628.5975952148438
l_1775563557_391501263,1302,367.8749694824219,663.1934204101562
l_1775563557_391501263,1303,329.7410888671875,668.1228637695312
l_1775563557_391501263,1190,692.1337890625,462.6876525878906
l_1775563557_391501263,1191,716.7017211914062,462.2643127441406
l_1775563557_391501263,1192,719.5404052734375,489.3005676269531
l_1775563557_391501263,1193,694.8251342773438,490.25103759765625
l_1775563557_391501263,1340,1037.72802734375,641.968017578125
l_1775563557_391501263,1341,1084.2093505859375,647.1761474609375
l_1775563557_391501263,1342,1086.5750732421875,686.4696655273438
l_1775563557_391501263,1343,1039.3748779296875,679.5338745117188
l_1775563557_491454935,1300,321.0815124511719,636.99365234375
l_1775563557_491454935,1301,360.2815856933594,632.7330322265625
l_1775563557_491454935,1302,361.0515441894531,667.9011840820312
l_1775563557_491454935,1303,321.86737060546875,672.9168701171875
l_1775563557_491454935,1280,511.77459716796875,316.6883544921875
l_1775563557_491454935,1281,543.4808959960938,319.5749816894531
l_1775563557_491454935,1282,544.5326538085938,351.1171875
l_1775563557_491454935,1283,512.842041015625,348.95025634765625
l_1775563557_491454935,1190,691.2373046875,464.8146667480469
l_1775563557_491454935,1191,716.0477294921875,464.45098876953125
l_1775563557_491454935,1192,718.6824340820312,491.82379150390625
l_1775563557_491454935,1193,693.8463134765625,492.76220703125
l_1775563557_491454935,1340,1040.7703857421875,647.7734375
l_1775563557_491454935,1341,1088.03125,653.318603515625
l_1775563557_491454935,1342,1090.335205078125,693.0772094726562
l_1775563557_491454935,1343,1042.4635009765625,685.763671875
l_1775563557_591553110,1300,303.02734375,642.6895751953125
l_1775563557_591553110,1301,343.7358093261719,638.395263671875
l_1775563557_591553110,1302,344.1889953613281,674.6312255859375
l_1775563557_591553110,1303,303.4418029785156,679.897216796875
l_1775563557_591553110,1280,501.50201416015625,315.6551818847656
l_1775563557_591553110,1281,533.9898681640625,318.94451904296875
l_1775563557_591553110,1282,534.836181640625,350.9183349609375
l_1775563557_591553110,1283,502.4450378417969,348.37652587890625
l_1775563557_591553110,1190,683.2169799804688,467.36944580078125
l_1775563557_591553110,1191,708.0283203125,467.0666198730469
l_1775563557_591553110,1192,710.689697265625,494.6339111328125
l_1775563557_591553110,1193,685.7080078125,495.5458679199219
l_1775563557_591553110,1340,1033.7169189453125,652.7136840820312
l_1775563557_591553110,1341,1081.0703125,658.344482421875
l_1775563557_591553110,1342,1083.3182373046875,698.418701171875
l_1775563557_591553110,1343,1035.614501953125,691.0400390625
l_1775563557_691775961,1300,298.6233215332031,644.3191528320312
l_1775563557_691775961,1301,340.2857971191406,639.9085693359375
l_1775563557_691775961,1302,340.78546142578125,676.7557373046875
l_1775563557_691775961,1303,299.1461486816406,682.2591552734375
l_1775563557_691775961,1280,500.8251953125,311.66314697265625
l_1775563557_691775961,1281,533.7461547851562,315.0492858886719
l_1775563557_691775961,1282,534.7288208007812,347.5534973144531
l_1775563557_691775961,1283,501.7207946777344,344.93011474609375
l_1775563557_691775961,1340,1042.5528564453125,654.8081665039062
l_1775563557_691775961,1341,1090.95458984375,660.5536499023438
l_1775563557_691775961,1342,1093.579833984375,701.2930297851562
l_1775563557_691775961,1343,1044.5439453125,693.82421875
l_1775563557_691775961,1190,685.019287109375,466.0219421386719
l_1775563557_691775961,1191,710.4306030273438,465.586181640625
l_1775563557_691775961,1192,713.0465087890625,493.7701721191406
l_1775563557_691775961,1193,687.6309204101562,494.61865234375
l_1775563557_791563273,1300,307.05035400390625,647.5231323242188
l_1775563557_791563273,1301,348.66656494140625,643.1303100585938
l_1775563557_791563273,1302,348.99755859375,680.428955078125
l_1775563557_791563273,1303,307.4414978027344,685.7752685546875
l_1775563557_791563273,1280,510.0970458984375,311.42352294921875
l_1775563557_791563273,1281,543.3667602539062,314.71820068359375
l_1775563557_791563273,1282,544.293212890625,347.65203857421875
l_1775563557_791563273,1283,510.9477844238281,344.9746398925781
l_1775563557_791563273,1340,1067.688232421875,661.7503662109375
l_1775563557_791563273,1341,1118.8531494140625,668.074951171875
l_1775563557_791563273,1342,1121.7603759765625,710.5388793945312
l_1775563557_791563273,1343,1069.9476318359375,702.269775390625
l_1775563557_791563273,1190,696.7681884765625,467.4229736328125
l_1775563557_791563273,1191,722.5850219726562,467.19610595703125
l_1775563557_791563273,1192,725.3330078125,495.51348876953125
l_1775563557_791563273,1193,699.384521484375,496.48992919921875
l_1775563557_891515218,1300,317.28741455078125,655.2926635742188
l_1775563557_891515218,1301,358.77703857421875,650.9566040039062
l_1775563557_891515218,1302,359.21337890625,688.66064453125
l_1775563557_891515218,1303,317.4299011230469,693.880859375
l_1775563557_891515218,1280,522.134033203125,316.3131103515625
l_1775563557_891515218,1281,555.6586303710938,319.4683837890625
l_1775563557_891515218,1282,556.5585327148438,352.525634765625
l_1775563557_891515218,1283,522.9149169921875,350.2392272949219
l_1775563557_891515218,1190,710.927734375,473.5538330078125
l_1775563557_891515218,1191,737.211669921875,473.2740478515625
l_1775563557_891515218,1192,740.0338134765625,502.16796875
l_1775563557_891515218,1193,713.7467041015625,503.2112731933594
l_1775563557_891515218,1340,1099.188720703125,675.6786499023438
l_1775563557_891515218,1341,1153.864990234375,682.7918090820312
l_1775563557_891515218,1342,1157.622802734375,727.4229125976562
l_1775563557_891515218,1343,1101.76513671875,718.299072265625
l_1775563557_991590869,1280,528.3807983398438,306.50286865234375
l_1775563557_991590869,1281,562.5678100585938,309.5794982910156
l_1775563557_991590869,1282,563.6302490234375,343.40460205078125
l_1775563557_991590869,1283,529.4716186523438,341.1411437988281
l_1775563557_991590869,1300,324.418212890625,650.1517333984375
l_1775563557_991590869,1301,365.91583251953125,645.8834838867188
l_1775563557_991590869,1302,366.5276184082031,683.8057861328125
l_1775563557_991590869,1303,324.85260009765625,688.9071655273438
l_1775563557_991590869,1190,721.1057739257812,466.2922058105469
l_1775563557_991590869,1191,747.7666625976562,465.70062255859375
l_1775563557_991590869,1192,750.6808471679688,495.2819519042969
l_1775563557_991590869,1193,723.7872924804688,496.2984313964844
l_1775563557_991590869,1340,1122.0010986328125,673.0958251953125
l_1775563557_991590869,1341,1179.6741943359375,680.8916015625
l_1775563557_991590869,1342,1183.293701171875,726.6962890625
l_1775563557_991590869,1343,1125.190673828125,716.5607299804688
l_1775563558_091618713,1300,343.5968017578125,651.2453002929688
l_1775563558_091618713,1301,384.6219177246094,647.3536987304688
l_1775563558_091618713,1302,385.36566162109375,685.3008422851562
l_1775563558_091618713,1303,344.1591796875,690.0044555664062
l_1775563558_091618713,1280,545.2963256835938,305.4923400878906
l_1775563558_091618713,1281,579.5377807617188,308.3372802734375
l_1775563558_091618713,1282,580.7705688476562,342.53094482421875
l_1775563558_091618713,1283,546.4037475585938,340.4848937988281
l_1775563558_091618713,1190,741.1524047851562,465.89239501953125
l_1775563558_091618713,1191,768.545654296875,465.42034912109375
l_1775563558_091618713,1192,771.779296875,495.43341064453125
l_1775563558_091618713,1193,744.2365112304688,496.4937438964844
l_1775563558_091618713,1340,1165.54052734375,681.3414306640625
l_1775563558_091618713,1341,1228.4490966796875,690.240234375
l_1775563558_091618713,1342,1232.6072998046875,738.4283447265625
l_1775563558_091618713,1343,1168.788818359375,726.9609375
l_1775563558_191396525,1280,539.5875244140625,298.06781005859375
l_1775563558_191396525,1281,574.7696533203125,301.21673583984375
l_1775563558_191396525,1282,575.82763671875,336.0808410644531
l_1775563558_191396525,1283,540.7197875976562,333.7629089355469
l_1775563558_191396525,1300,331.9408264160156,649.7741088867188
l_1775563558_191396525,1301,374.0583190917969,645.8222045898438
l_1775563558_191396525,1302,374.7442626953125,684.3599853515625
l_1775563558_191396525,1303,332.57281494140625,689.3199462890625
l_1775563558_191396525,1190,737.896240234375,462.84259033203125
l_1775563558_191396525,1191,765.6407470703125,462.4028625488281
l_1775563558_191396525,1192,768.5960083007812,492.90753173828125
l_1775563558_191396525,1193,740.67529296875,493.7862548828125
l_1775563558_191396525,1340,1164.7933349609375,682.7966918945312
l_1775563558_191396525,1341,1228.197021484375,692.364013671875
l_1775563558_191396525,1342,1232.012451171875,740.7806396484375
l_1775563558_191396525,1343,1167.7193603515625,729.11767578125
l_1775563558_291466379,1300,328.4460754394531,651.9231567382812
l_1775563558_291466379,1301,371.1507873535156,647.9336547851562
l_1775563558_291466379,1302,371.7694396972656,687.1007690429688
l_1775563558_291466379,1303,328.8204040527344,692.018310546875
l_1775563558_291466379,1280,540.0511474609375,295.3785400390625
l_1775563558_291466379,1281,575.72900390625,298.5541076660156
l_1775563558_291466379,1282,576.7099609375,334.078369140625
l_1775563558_291466379,1283,541.0331420898438,331.5950012207031
l_1775563558_291466379,1190,740.7943115234375,463.0549621582031
l_1775563558_291466379,1191,768.9111328125,462.6417541503906
l_1775563558_291466379,1192,771.9934692382812,493.6032409667969
l_1775563558_291466379,1193,743.6782836914062,494.4547119140625
l_1775563558_291466379,1340,1177.267333984375,688.8522338867188
l_1775563558_291466379,1341,1242.9364013671875,699.0964965820312
l_1775563558_291466379,1342,1246.791748046875,748.8753662109375
l_1775563558_291466379,1343,1179.93994140625,736.4649658203125
l_1775563558_391390556,1280,525.95263671875,293.55438232421875
l_1775563558_391390556,1281,562.5064697265625,297.1719970703125
l_1775563558_391390556,1282,563.449462890625,333.2999572753906
l_1775563558_391390556,1283,526.9785766601562,330.50994873046875
l_1775563558_391390556,1190,729.8571166992188,464.7427673339844
l_1775563558_391390556,1191,758.198486328125,464.5095520019531
l_1775563558_391390556,1192,761.2631225585938,495.6689758300781
l_1775563558_391390556,1193,732.6452026367188,496.69647216796875
l_1775563558_391390556,1300,306.2254638671875,659.3281860351562
l_1775563558_391390556,1301,350.8247985839844,654.9273071289062
l_1775563558_391390556,1302,351.4042663574219,695.2435302734375
l_1775563558_391390556,1303,306.5450439453125,700.7738647460938
l_1775563558_391390556,1340,1165.99560546875,691.8287353515625
l_1775563558_391390556,1341,1230.794677734375,702.0503540039062
l_1775563558_391390556,1342,1235.022705078125,751.9140625
l_1775563558_391390556,1343,1169.0701904296875,739.6581420898438
l_1775563558_491562813,1280,516.6691284179688,290.87017822265625
l_1775563558_491562813,1281,554.0038452148438,294.61114501953125
l_1775563558_491562813,1282,555.1043701171875,331.39471435546875
l_1775563558_491562813,1283,517.6800537109375,328.5325622558594
l_1775563558_491562813,1190,725.0360717773438,464.6621398925781
l_1775563558_491562813,1191,753.5050659179688,464.46649169921875
l_1775563558_491562813,1192,756.7974243164062,495.9216003417969
l_1775563558_491562813,1193,728.0297241210938,497.0011901855469
l_1775563558_491562813,1300,292.09210205078125,666.4150390625
l_1775563558_491562813,1301,338.28662109375,661.3796997070312
l_1775563558_491562813,1302,338.88323974609375,702.7597045898438
l_1775563558_491562813,1303,292.5266418457031,708.9816284179688
l_1775563558_491562813,1340,1167.585693359375,692.8324584960938
l_1775563558_491562813,1341,1233.1021728515625,702.6927490234375
l_1775563558_491562813,1342,1237.774658203125,753.47705078125
l_1775563558_491562813,1343,1171.0224609375,741.3927612304688
l_1775563558_591906862,1280,504.7500305175781,290.0229187011719
l_1775563558_591906862,1281,543.0338745117188,293.670654296875
l_1775563558_591906862,1282,544.4824829101562,331.20623779296875
l_1775563558_591906862,1283,506.2478332519531,328.32562255859375
l_1775563558_591906862,1300,274.9507751464844,677.3527221679688
l_1775563558_591906862,1301,323.26702880859375,671.4339599609375
l_1775563558_591906862,1302,324.0993957519531,714.0669555664062
l_1775563558_591906862,1303,275.68121337890625,721.2985229492188
l_1775563558_591906862,1340,1167.5701904296875,693.6072998046875
l_1775563558_591906862,1341,1233.950927734375,702.9423828125
l_1775563558_591906862,1342,1239.2215576171875,754.3683471679688
l_1775563558_591906862,1343,1171.712646484375,742.6483154296875
l_1775563558_591906862,1190,718.4422607421875,465.915771484375
l_1775563558_591906862,1191,747.3303833007812,465.4213562011719
l_1775563558_591906862,1192,750.7066650390625,497.3696594238281
l_1775563558_591906862,1193,721.7667846679688,498.53778076171875
l_1775563558_691391552,1280,487.33050537109375,289.55633544921875
l_1775563558_691391552,1281,526.8011474609375,293.5301513671875
l_1775563558_691391552,1282,528.3867797851562,331.7711486816406
l_1775563558_691391552,1283,489.0179748535156,328.7350158691406
l_1775563558_691391552,1190,706.2538452148438,468.8423156738281
l_1775563558_691391552,1191,735.3134765625,468.156494140625
l_1775563558_691391552,1192,739.0850219726562,500.6476745605469
l_1775563558_691391552,1193,709.8189086914062,501.97149658203125
l_1775563558_691391552,1300,247.57968139648438,691.0655517578125
l_1775563558_691391552,1301,298.6599426269531,684.0833129882812
l_1775563558_691391552,1302,299.66766357421875,728.643798828125
l_1775563558_691391552,1303,248.40577697753906,736.9085083007812
l_1775563558_691391552,1340,1157.2318115234375,695.6793212890625
l_1775563558_691391552,1341,1223.05615234375,704.558837890625
l_1775563558_691391552,1342,1229.039306640625,756.2364501953125
l_1775563558_691391552,1343,1161.99560546875,745.182861328125
l_1775563558_791446115,1280,470.92291259765625,288.3520812988281
l_1775563558_791446115,1281,511.51824951171875,292.94293212890625
l_1775563558_791446115,1282,513.0667724609375,331.91259765625
l_1775563558_791446115,1283,472.26690673828125,328.49957275390625
l_1775563558_791446115,1190,694.2833862304688,472.50439453125
l_1775563558_791446115,1191,723.498046875,471.74774169921875
l_1775563558_791446115,1192,727.2321166992188,504.6369323730469
l_1775563558_791446115,1193,697.914794921875,506.1918640136719
l_1775563558_791446115,1300,217.53543090820312,703.904052734375
l_1775563558_791446115,1301,271.7049255371094,696.0724487304688
l_1775563558_791446115,1302,272.6061096191406,742.5735473632812
l_1775563558_791446115,1303,218.08616638183594,752.090087890625
l_1775563558_791446115,1340,1146.0164794921875,700.7911376953125
l_1775563558_791446115,1341,1211.057373046875,709.2979125976562
l_1775563558_791446115,1342,1217.4508056640625,761.4603271484375
l_1775563558_791446115,1343,1151.295166015625,750.6629028320312
l_1775563558_891783835,1280,452.1159362792969,283.3817443847656
l_1775563558_891783835,1281,494.3304138183594,288.483154296875
l_1775563558_891783835,1282,495.9916687011719,328.5741271972656
l_1775563558_891783835,1283,453.8093566894531,324.9532165527344
l_1775563558_891783835,1190,681.6468505859375,472.5461730957031
l_1775563558_891783835,1191,711.23828125,471.71990966796875
l_1775563558_891783835,1192,715.19970703125,505.02655029296875
l_1775563558_891783835,1193,685.4489135742188,506.7423400878906
l_1775563558_891783835,1300,186.0358428955078,715.644287109375
l_1775563558_891783835,1301,244.1476593017578,706.4929809570312
l_1775563558_891783835,1302,245.0428924560547,754.8078002929688
l_1775563558_891783835,1303,186.94552612304688,765.8436279296875
l_1775563558_891783835,1340,1134.0303955078125,700.7124633789062
l_1775563558_891783835,1341,1198.1998291015625,708.57958984375
l_1775563558_891783835,1342,1204.82666015625,760.8212280273438
l_1775563558_891783835,1343,1139.33544921875,750.5479736328125
l_1775563558_991588555,1280,430.8983459472656,281.0005187988281
l_1775563558_991588555,1281,474.7496643066406,286.44921875
l_1775563558_991588555,1282,476.9524230957031,327.6971740722656
l_1775563558_991588555,1283,433.00421142578125,323.7760314941406
l_1775563558_991588555,1190,668.4518432617188,473.81439208984375
l_1775563558_991588555,1191,698.3753051757812,472.57061767578125
l_1775563558_991588555,1192,702.597412109375,506.4549560546875
l_1775563558_991588555,1193,672.556640625,508.466064453125
l_1775563558_991588555,1300,152.86685180664062,732.8534545898438
l_1775563558_991588555,1301,214.9604034423828,721.9091186523438
l_1775563558_991588555,1302,216.43930053710938,772.35302734375
l_1775563558_991588555,1303,153.99334716796875,785.4143676757812
l_1775563558_991588555,1340,1123.067138671875,699.255615234375
l_1775563558_991588555,1341,1186.4722900390625,706.32080078125
l_1775563558_991588555,1342,1193.59619140625,758.6405029296875
l_1775563558_991588555,1343,1128.9803466796875,749.2882690429688
l_1775563559_092009138,1280,410.20892333984375,269.9757385253906
l_1775563559_092009138,1281,456.1526184082031,276.115234375
l_1775563559_092009138,1282,458.3810729980469,318.81146240234375
l_1775563559_092009138,1283,412.41595458984375,314.3525695800781
l_1775563559_092009138,1190,655.320068359375,469.584716796875
l_1775563559_092009138,1191,685.69921875,468.466064453125
l_1775563559_092009138,1192,690.03515625,502.752685546875
l_1775563559_092009138,1193,659.4807739257812,504.87445068359375
l_1775563559_092009138,1300,117.3023910522461,740.105712890625
l_1775563559_092009138,1301,183.84982299804688,727.5855102539062
l_1775563559_092009138,1302,185.43426513671875,780.0337524414062
l_1775563559_092009138,1303,118.60087585449219,794.9121704101562
l_1775563559_092009138,1340,1109.2689208984375,695.7642822265625
l_1775563559_092009138,1341,1171.6256103515625,702.5426635742188
l_1775563559_092009138,1342,1178.36181640625,754.6790771484375
l_1775563559_092009138,1343,1114.9306640625,745.7965087890625
l_1775563559_191678379,1280,395.4700927734375,263.6451416015625
l_1775563559_191678379,1281,443.05181884765625,270.4565124511719
l_1775563559_191678379,1282,445.2469177246094,314.4168701171875
l_1775563559_191678379,1283,397.5251159667969,309.231201171875
l_1775563559_191678379,1190,646.838134765625,469.851806640625
l_1775563559_191678379,1191,677.5914916992188,468.76361083984375
l_1775563559_191678379,1192,681.7965698242188,503.7528381347656
l_1775563559_191678379,1193,650.89990234375,505.7848815917969
l_1775563559_191678379,1300,85.56893157958984,749.3768920898438
l_1775563559_191678379,1301,156.45651245117188,735.9629516601562
l_1775563559_191678379,1302,157.9176788330078,790.1813354492188
l_1775563559_191678379,1303,86.80733489990234,806.5103759765625
l_1775563559_191678379,1340,1104.072998046875,700.4113159179688
l_1775563559_191678379,1341,1166.6748046875,707.4609375
l_1775563559_191678379,1342,1173.37841796875,760.2213134765625
l_1775563559_191678379,1343,1109.699951171875,751.0589599609375
l_1775563559_291674415,1280,381.7860107421875,259.5283508300781
l_1775563559_291674415,1281,431.2133483886719,266.88763427734375
l_1775563559_291674415,1282,433.42449951171875,311.82354736328125
l_1775563559_291674415,1283,384.0339660644531,306.39593505859375
l_1775563559_291674415,1190,640.4992065429688,471.3552551269531
l_1775563559_291674415,1191,671.8889770507812,470.24957275390625
l_1775563559_291674415,1192,676.1751708984375,505.58026123046875
l_1775563559_291674415,1193,644.5804443359375,507.8440246582031
l_1775563559_291674415,1301,131.80728149414062,747.3176879882812
l_1775563559_291674415,1302,133.15171813964844,803.7911987304688
l_1775563559_291674415,1303,58.01026153564453,821.60546875
l_1775563559_291674415,1340,1105.1768798828125,705.7418823242188
l_1775563559_291674415,1341,1168.740234375,712.8018188476562
l_1775563559_291674415,1342,1175.737060546875,766.5885620117188
l_1775563559_291674415,1343,1111.0093994140625,757.3279418945312
l_1775563559_391550185,1280,378.2908935546875,255.38031005859375
l_1775563559_391550185,1281,428.8741455078125,262.85107421875
l_1775563559_391550185,1282,431.18609619140625,308.609375
l_1775563559_391550185,1283,380.6660461425781,303.2176818847656
l_1775563559_391550185,1190,643.3099365234375,470.8535461425781
l_1775563559_391550185,1191,675.3550415039062,469.5496826171875
l_1775563559_391550185,1192,679.6536865234375,505.6472473144531
l_1775563559_391550185,1193,647.5509643554688,508.0823974609375
l_1775563559_391550185,1300,45.950504302978516,768.8948364257812
l_1775563559_391550185,1301,124.0941390991211,753.6587524414062
l_1775563559_391550185,1302,125.43228912353516,811.1287841796875
l_1775563559_391550185,1303,48.816322326660156,829.5530395507812
l_1775563559_391550185,1340,1122.4244384765625,711.5441284179688
l_1775563559_391550185,1341,1189.0390625,719.1663208007812
l_1775563559_391550185,1342,1196.5028076171875,774.7891235351562
l_1775563559_391550185,1343,1128.5997314453125,764.8438720703125
l_1775563559_491983536,1280,384.4562072753906,257.4930114746094
l_1775563559_491983536,1281,435.40411376953125,264.8517150878906
l_1775563559_491983536,1282,437.4790344238281,311.0160217285156
l_1775563559_491983536,1283,386.4767150878906,305.56396484375
l_1775563559_491983536,1190,652.3099365234375,475.4537658691406
l_1775563559_491983536,1191,684.8960571289062,474.3560485839844
l_1775563559_491983536,1192,689.4441528320312,511.2083435058594
l_1775563559_491983536,1193,656.6320190429688,513.4324340820312
l_1775563559_491983536,1301,125.30711364746094,760.3690185546875
l_1775563559_491983536,1302,126.03359985351562,818.974365234375
l_1775563559_491983536,1303,48.78597640991211,837.0393676757812
l_1775563559_591621286,1280,399.6972351074219,259.4072265625
l_1775563559_591621286,1281,450.46728515625,266.70343017578125
l_1775563559_591621286,1282,451.9304504394531,313.04315185546875
l_1775563559_591621286,1283,401.1356201171875,307.5389404296875
l_1775563559_591621286,1190,668.0269165039062,480.343994140625
l_1775563559_591621286,1191,701.4464721679688,479.3768615722656
l_1775563559_591621286,1192,705.7401123046875,517.0015258789062
l_1775563559_591621286,1193,672.1594848632812,519.0377807617188
l_1775563559_591621286,1300,61.30552673339844,774.4859619140625
l_1775563559_591621286,1301,136.89930725097656,761.2086181640625
l_1775563559_591621286,1302,136.76719665527344,820.2467651367188
l_1775563559_591621286,1303,60.75899124145508,836.3637084960938
l_1775563559_691547997,1280,398.8221740722656,248.0214080810547
l_1775563559_691547997,1281,450.6889953613281,255.85629272460938
l_1775563559_691547997,1282,452.0791931152344,303.3176574707031
l_1775563559_691547997,1283,400.06072998046875,297.32012939453125
l_1775563559_691547997,1190,672.0306396484375,475.6891784667969
l_1775563559_691547997,1191,706.213623046875,475.0558166503906
l_1775563559_691547997,1192,710.2850341796875,513.286376953125
l_1775563559_691547997,1193,675.8828125,515.162109375
l_1775563559_691547997,1301,130.95057678222656,755.98876953125
l_1775563559_691547997,1302,130.64163208007812,815.3931884765625
l_1775563559_691547997,1303,53.8574333190918,831.2266845703125
l_1775563559_791596074,1280,400.64111328125,245.70396423339844
l_1775563559_791596074,1281,453.3985290527344,253.11703491210938
l_1775563559_791596074,1282,454.9476013183594,301.3111572265625
l_1775563559_791596074,1283,402.20849609375,295.67633056640625
l_1775563559_791596074,1190,679.8518676757812,474.666748046875
l_1775563559_791596074,1191,714.8009643554688,473.7192077636719
l_1775563559_791596074,1192,719.1119995117188,512.7012329101562
l_1775563559_791596074,1193,683.9036865234375,514.7858276367188
l_1775563559_791596074,1300,59.71753692626953,772.4763793945312
l_1775563559_791596074,1301,135.53953552246094,759.6892700195312
l_1775563559_791596074,1302,135.7984619140625,819.4265747070312
l_1775563559_791596074,1303,59.44442367553711,834.9977416992188
l_1775563559_891938859,1280,387.5817565917969,235.2786407470703
l_1775563559_891938859,1281,442.09259033203125,243.43289184570312
l_1775563559_891938859,1282,443.7281799316406,292.8771667480469
l_1775563559_891938859,1283,389.1717834472656,286.7337646484375
l_1775563559_891938859,1190,674.0161743164062,471.3886413574219
l_1775563559_891938859,1191,709.5970458984375,470.515625
l_1775563559_891938859,1192,713.7455444335938,510.2094421386719
l_1775563559_891938859,1193,678.0030517578125,512.0761108398438
l_1775563559_991822036,1280,376.46539306640625,225.42308044433594
l_1775563559_991822036,1281,432.7447509765625,234.42234802246094
l_1775563559_991822036,1282,434.3846740722656,285.1789855957031
l_1775563559_991822036,1283,377.9105224609375,278.4446105957031
l_1775563559_991822036,1190,669.3809814453125,468.672607421875
l_1775563559_991822036,1191,705.4723510742188,467.9737854003906
l_1775563559_991822036,1192,709.541259765625,508.3165588378906
l_1775563559_991822036,1193,673.2725830078125,510.25372314453125
l_1775563560_091912035,1280,367.9913635253906,220.7057342529297
l_1775563560_091912035,1281,425.72650146484375,230.37588500976562
l_1775563560_091912035,1282,427.12506103515625,282.1725158691406
l_1775563560_091912035,1283,369.4040222167969,274.8588562011719
l_1775563560_091912035,1190,666.2662963867188,470.30047607421875
l_1775563560_091912035,1191,702.8041381835938,469.5736083984375
l_1775563560_091912035,1192,706.8261108398438,510.48284912109375
l_1775563560_091912035,1193,670.00830078125,512.2754516601562
l_1775563560_192050143,1280,347.4443359375,211.26531982421875
l_1775563560_192050143,1281,407.7446594238281,221.8173828125
l_1775563560_192050143,1282,409.2008056640625,275.2841796875
l_1775563560_192050143,1283,348.8487854003906,267.02191162109375
l_1775563560_192050143,1190,655.1912231445312,468.8533935546875
l_1775563560_192050143,1191,692.2550048828125,468.29901123046875
l_1775563560_192050143,1192,696.342529296875,509.6719970703125
l_1775563560_192050143,1193,659.0122680664062,511.58551025390625
l_1775563560_291978367,1280,330.33746337890625,203.7576904296875
l_1775563560_291978367,1281,393.0108642578125,214.9925079345703
l_1775563560_291978367,1282,394.7269592285156,269.8443603515625
l_1775563560_291978367,1283,332.00836181640625,261.2538146972656
l_1775563560_291978367,1190,648.4370727539062,467.4960632324219
l_1775563560_291978367,1191,686.1892700195312,466.6329345703125
l_1775563560_291978367,1192,690.4356689453125,508.56982421875
l_1775563560_291978367,1193,652.5963745117188,510.84222412109375
l_1775563560_391644512,1190,639.4583740234375,468.60479736328125
l_1775563560_391644512,1191,677.5084838867188,467.6889953613281
l_1775563560_391644512,1192,682.0135498046875,510.4318542480469
l_1775563560_391644512,1193,643.6776123046875,512.6246337890625
l_1775563560_391644512,1280,310.8717041015625,197.39305114746094
l_1775563560_391644512,1281,376.359130859375,209.60923767089844
l_1775563560_391644512,1282,378.22308349609375,265.9310302734375
l_1775563560_391644512,1283,312.7662048339844,256.5648498535156
l_1775563560_491827104,1280,301.92999267578125,193.99073791503906
l_1775563560_491827104,1281,369.10491943359375,207.1669158935547
l_1775563560_491827104,1282,370.72625732421875,264.5830993652344
l_1775563560_491827104,1283,303.4617919921875,254.40655517578125
l_1775563560_491827104,1190,636.4738159179688,472.26434326171875
l_1775563560_491827104,1191,675.0390014648438,471.44830322265625
l_1775563560_491827104,1192,679.5594482421875,514.7202758789062
l_1775563560_491827104,1193,640.6341552734375,517.1632690429688
l_1775563560_591676261,1280,281.1869201660156,182.31817626953125
l_1775563560_591676261,1281,351.6865539550781,197.20138549804688
l_1775563560_591676261,1282,353.3316345214844,256.4174499511719
l_1775563560_591676261,1283,282.6076965332031,244.96835327148438
l_1775563560_591676261,1190,626.3880004882812,471.7071533203125
l_1775563560_591676261,1191,665.4210205078125,471.1046142578125
l_1775563560_591676261,1192,669.7965698242188,514.878662109375
l_1775563560_591676261,1193,630.5321044921875,517.3482055664062
r_1775563547_190898205,1280,780.3018798828125,408.0940246582031
r_1775563547_190898205,1281,795.4432373046875,407.3248291015625
r_1775563547_190898205,1282,795.471435546875,421.8205261230469
r_1775563547_190898205,1283,780.1139526367188,422.62042236328125
r_1775563547_190898205,1300,703.7772216796875,540.5381469726562
r_1775563547_190898205,1301,717.2531127929688,541.4841918945312
r_1775563547_190898205,1302,716.8601684570312,555.3952026367188
r_1775563547_190898205,1303,703.6007080078125,554.68603515625
r_1775563547_190898205,1190,882.6004638671875,475.94842529296875
r_1775563547_190898205,1191,900.0285034179688,475.8966369628906
r_1775563547_190898205,1192,900.1173095703125,491.5271301269531
r_1775563547_190898205,1193,882.834228515625,491.4271545410156
r_1775563547_190898205,1180,268.96221923828125,373.801025390625
r_1775563547_190898205,1181,291.6348876953125,377.21551513671875
r_1775563547_190898205,1182,292.4669494628906,400.09405517578125
r_1775563547_190898205,1183,269.9218444824219,397.3336181640625
r_1775563547_190898205,1340,1039.380615234375,584.7445068359375
r_1775563547_190898205,1341,1059.9649658203125,588.6791381835938
r_1775563547_190898205,1342,1056.3717041015625,610.7440185546875
r_1775563547_190898205,1343,1035.5145263671875,606.3003540039062
r_1775563547_190898205,1260,499.44537353515625,561.6702270507812
r_1775563547_190898205,1261,509.0228576660156,559.0821533203125
r_1775563547_190898205,1262,509.3967590332031,572.4671630859375
r_1775563547_190898205,1263,499.6791076660156,575.1890258789062
r_1775563547_290994320,1190,881.4700927734375,477.4494323730469
r_1775563547_290994320,1191,898.8552856445312,477.3714904785156
r_1775563547_290994320,1192,898.9293823242188,492.89215087890625
r_1775563547_290994320,1193,881.6818237304688,492.6823425292969
r_1775563547_290994320,1280,779.1861572265625,409.47930908203125
r_1775563547_290994320,1281,794.3861083984375,408.94073486328125
r_1775563547_290994320,1282,794.1163330078125,423.3681945800781
r_1775563547_290994320,1283,778.9080810546875,423.9981689453125
r_1775563547_290994320,1300,702.8724975585938,542.1055297851562
r_1775563547_290994320,1301,716.2620849609375,542.87353515625
r_1775563547_290994320,1302,715.7876586914062,556.82421875
r_1775563547_290994320,1303,702.7476806640625,556.2138671875
r_1775563547_290994320,1180,267.53057861328125,375.2759094238281
r_1775563547_290994320,1181,290.47637939453125,378.80096435546875
r_1775563547_290994320,1182,291.3666687011719,401.6262512207031
r_1775563547_290994320,1183,268.5090026855469,398.71527099609375
r_1775563547_290994320,1340,1038.0997314453125,586.1393432617188
r_1775563547_290994320,1341,1058.625,589.90673828125
r_1775563547_290994320,1342,1054.905517578125,612.251220703125
r_1775563547_290994320,1343,1034.457763671875,607.6383056640625
r_1775563547_290994320,1260,498.6607666015625,563.1636352539062
r_1775563547_290994320,1261,507.7872619628906,560.7044677734375
r_1775563547_290994320,1262,508.2934875488281,574.005126953125
r_1775563547_290994320,1263,498.7440490722656,576.7798461914062
r_1775563547_391183714,1280,779.1271362304688,410.6779479980469
r_1775563547_391183714,1281,794.3236694335938,409.97314453125
r_1775563547_391183714,1282,794.2807006835938,424.59185791015625
r_1775563547_391183714,1283,778.9996948242188,425.0674743652344
r_1775563547_391183714,1300,702.8375244140625,543.14990234375
r_1775563547_391183714,1301,716.2759399414062,544.056640625
r_1775563547_391183714,1302,715.909912109375,557.928955078125
r_1775563547_391183714,1303,702.6295166015625,557.286376953125
r_1775563547_391183714,1220,635.36865234375,449.4349060058594
r_1775563547_391183714,1221,647.4597778320312,449.0480041503906
r_1775563547_391183714,1222,647.1398315429688,462.1807556152344
r_1775563547_391183714,1223,634.8082275390625,462.56793212890625
r_1775563547_391183714,1260,498.538818359375,564.3514404296875
r_1775563547_391183714,1261,508.07574462890625,561.6930541992188
r_1775563547_391183714,1262,508.3446044921875,575.1328125
r_1775563547_391183714,1263,498.8152770996094,577.7129516601562
r_1775563547_391183714,1180,267.6734619140625,376.197021484375
r_1775563547_391183714,1181,290.60235595703125,379.94580078125
r_1775563547_391183714,1182,291.30908203125,402.5521545410156
r_1775563547_391183714,1183,268.5959167480469,399.66925048828125
r_1775563547_391183714,1340,1038.206787109375,587.3753051757812
r_1775563547_391183714,1341,1058.7633056640625,591.1134643554688
r_1775563547_391183714,1342,1055.2769775390625,613.2694091796875
r_1775563547_391183714,1343,1034.45458984375,608.7554321289062
r_1775563547_391183714,1190,881.56103515625,478.5622863769531
r_1775563547_391183714,1191,898.8604736328125,478.4778137207031
r_1775563547_391183714,1192,898.8569946289062,494.01336669921875
r_1775563547_391183714,1193,881.6582641601562,493.88812255859375
r_1775563547_491521907,1190,880.4752197265625,479.03173828125
r_1775563547_491521907,1191,897.7301025390625,478.88568115234375
r_1775563547_491521907,1192,897.8158569335938,494.5579528808594
r_1775563547_491521907,1193,880.6180419921875,494.39752197265625
r_1775563547_491521907,1280,778.2918090820312,411.00018310546875
r_1775563547_491521907,1281,793.4356689453125,410.2845458984375
r_1775563547_491521907,1282,793.3236083984375,424.83966064453125
r_1775563547_491521907,1283,778.11181640625,425.45928955078125
r_1775563547_491521907,1300,701.8785400390625,543.4651489257812
r_1775563547_491521907,1301,715.2639770507812,544.3306274414062
r_1775563547_491521907,1302,714.87109375,558.2803344726562
r_1775563547_491521907,1303,701.5618286132812,557.5238037109375
r_1775563547_491521907,1180,266.48797607421875,375.73358154296875
r_1775563547_491521907,1181,289.24945068359375,379.53515625
r_1775563547_491521907,1182,290.1488037109375,402.3834228515625
r_1775563547_491521907,1183,267.1449279785156,399.41534423828125
r_1775563547_491521907,1220,634.3346557617188,449.64385986328125
r_1775563547_491521907,1221,646.5888671875,449.2117614746094
r_1775563547_491521907,1222,646.3041381835938,462.4158630371094
r_1775563547_491521907,1223,633.9913940429688,462.6362609863281
r_1775563547_491521907,1340,1036.803466796875,587.8810424804688
r_1775563547_491521907,1341,1057.311279296875,591.5949096679688
r_1775563547_491521907,1342,1053.61962890625,613.7448120117188
r_1775563547_491521907,1343,1033.1827392578125,609.2222290039062
r_1775563547_591446238,1280,777.45703125,410.89288330078125
r_1775563547_591446238,1281,792.6971435546875,410.32318115234375
r_1775563547_591446238,1282,792.490966796875,424.7105712890625
r_1775563547_591446238,1283,777.3203125,425.42620849609375
r_1775563547_591446238,1300,701.0526733398438,543.2764892578125
r_1775563547_591446238,1301,714.4119262695312,544.27490234375
r_1775563547_591446238,1302,714.2135620117188,558.2201538085938
r_1775563547_591446238,1303,700.9384765625,557.5221557617188
r_1775563547_591446238,1260,496.701416015625,564.5123291015625
r_1775563547_591446238,1261,505.9290771484375,561.8245239257812
r_1775563547_591446238,1262,506.63909912109375,575.3264770507812
r_1775563547_591446238,1263,496.97235107421875,577.9402465820312
r_1775563547_591446238,1220,633.7540283203125,449.4951171875
r_1775563547_591446238,1221,645.9373779296875,449.1922607421875
r_1775563547_591446238,1222,645.4364624023438,462.3471374511719
r_1775563547_591446238,1223,633.2554321289062,462.740234375
r_1775563547_591446238,1180,265.2822570800781,375.6669006347656
r_1775563547_591446238,1181,288.34857177734375,379.4233093261719
r_1775563547_591446238,1182,288.9131774902344,402.3792419433594
r_1775563547_591446238,1183,265.9222106933594,399.42486572265625
r_1775563547_591446238,1190,879.637939453125,478.7995300292969
r_1775563547_591446238,1191,896.8930053710938,478.7757873535156
r_1775563547_591446238,1192,897.0669555664062,494.4522705078125
r_1775563547_591446238,1193,879.6922607421875,494.3302307128906
r_1775563547_591446238,1340,1035.8067626953125,587.6171875
r_1775563547_591446238,1341,1056.50390625,591.4096069335938
r_1775563547_591446238,1342,1052.770751953125,613.4978637695312
r_1775563547_591446238,1343,1032.1619873046875,608.8773193359375
r_1775563547_691227216,1180,263.87786865234375,375.4395446777344
r_1775563547_691227216,1181,286.86614990234375,379.2896423339844
r_1775563547_691227216,1182,287.7083435058594,402.15533447265625
r_1775563547_691227216,1183,264.7999572753906,399.1697692871094
r_1775563547_691227216,1340,1034.7479248046875,587.3727416992188
r_1775563547_691227216,1341,1055.1912841796875,591.215087890625
r_1775563547_691227216,1342,1051.52490234375,613.151123046875
r_1775563547_691227216,1343,1030.9581298828125,608.5906372070312
r_1775563547_691227216,1280,776.5513305664062,410.7711181640625
r_1775563547_691227216,1281,791.8278198242188,410.1225280761719
r_1775563547_691227216,1282,791.6366577148438,424.55523681640625
r_1775563547_691227216,1283,776.517822265625,425.1583251953125
r_1775563547_691227216,1300,700.2597045898438,543.1826782226562
r_1775563547_691227216,1301,713.68896484375,544.1036376953125
r_1775563547_691227216,1302,713.2734985351562,557.9437866210938
r_1775563547_691227216,1303,700.2291259765625,557.201171875
r_1775563547_691227216,1190,878.5650024414062,478.6211242675781
r_1775563547_691227216,1191,895.917724609375,478.56884765625
r_1775563547_691227216,1192,896.1464233398438,494.2984924316406
r_1775563547_691227216,1193,878.70556640625,494.0383605957031
r_1775563547_691227216,1260,495.7625427246094,564.4622802734375
r_1775563547_691227216,1261,505.090087890625,561.6636962890625
r_1775563547_691227216,1262,505.62152099609375,574.8933715820312
r_1775563547_691227216,1263,496.0455017089844,578.00439453125
r_1775563547_791239111,1280,777.3388671875,411.5009765625
r_1775563547_791239111,1281,792.4636840820312,410.71282958984375
r_1775563547_791239111,1282,792.3368530273438,425.3974304199219
r_1775563547_791239111,1283,777.1124267578125,425.9824523925781
r_1775563547_791239111,1300,700.6722412109375,543.8724975585938
r_1775563547_791239111,1301,714.2335205078125,544.863525390625
r_1775563547_791239111,1302,713.9807739257812,558.7967529296875
r_1775563547_791239111,1303,700.6846923828125,558.16064453125
r_1775563547_791239111,1340,1035.6663818359375,588.33935546875
r_1775563547_791239111,1341,1056.3572998046875,592.2698974609375
r_1775563547_791239111,1342,1052.770263671875,614.2978515625
r_1775563547_791239111,1343,1032.129638671875,609.76953125
r_1775563547_791239111,1180,264.5396423339844,376.1323547363281
r_1775563547_791239111,1181,287.6604309082031,379.664794921875
r_1775563547_791239111,1182,288.3926086425781,402.64013671875
r_1775563547_791239111,1183,265.4571838378906,399.6726989746094
r_1775563547_891502754,1190,880.8456420898438,479.142822265625
r_1775563547_891502754,1191,898.1534423828125,479.1817321777344
r_1775563547_891502754,1192,898.3550415039062,494.76239013671875
r_1775563547_891502754,1193,881.0341186523438,494.6008605957031
r_1775563547_891502754,1300,701.9044799804688,543.52587890625
r_1775563547_891502754,1301,715.3306884765625,544.4657592773438
r_1775563547_891502754,1302,715.088134765625,558.3822021484375
r_1775563547_891502754,1303,701.6824951171875,557.6258544921875
r_1775563547_891502754,1280,778.614990234375,411.12335205078125
r_1775563547_891502754,1281,793.79248046875,410.39703369140625
r_1775563547_891502754,1282,793.610107421875,424.89520263671875
r_1775563547_891502754,1283,778.4391479492188,425.53271484375
r_1775563547_891502754,1180,265.75390625,375.3214111328125
r_1775563547_891502754,1181,288.8333740234375,379.017578125
r_1775563547_891502754,1182,289.673095703125,401.8374938964844
r_1775563547_891502754,1183,266.6507568359375,398.916259765625
r_1775563547_891502754,1340,1037.5673828125,588.5054321289062
r_1775563547_891502754,1341,1058.2427978515625,592.3538208007812
r_1775563547_891502754,1342,1054.5552978515625,614.4163208007812
r_1775563547_891502754,1343,1033.8165283203125,609.8885498046875
r_1775563547_991186991,1180,269.51300048828125,374.794677734375
r_1775563547_991186991,1181,292.4521179199219,378.5236511230469
r_1775563547_991186991,1182,293.2136535644531,401.4385070800781
r_1775563547_991186991,1183,270.42486572265625,398.5140380859375
r_1775563547_991186991,1280,782.0,410.4063415527344
r_1775563547_991186991,1281,797.2693481445312,409.6751708984375
r_1775563547_991186991,1282,797.067138671875,424.31707763671875
r_1775563547_991186991,1283,781.728515625,424.74835205078125
r_1775563547_991186991,1300,704.9349975585938,543.1065063476562
r_1775563547_991186991,1301,718.4689331054688,544.0592651367188
r_1775563547_991186991,1302,718.2424926757812,557.8779296875
r_1775563547_991186991,1303,704.6245727539062,557.14013671875
r_1775563547_991186991,1190,884.5469360351562,478.65185546875
r_1775563547_991186991,1191,901.9937744140625,478.5791320800781
r_1775563547_991186991,1192,902.2196044921875,494.4088134765625
r_1775563547_991186991,1193,884.7633666992188,494.1438903808594
r_1775563547_991186991,1340,1042.546142578125,588.5073852539062
r_1775563547_991186991,1341,1063.5770263671875,592.3910522460938
r_1775563547_991186991,1342,1059.904541015625,614.6781616210938
r_1775563547_991186991,1343,1038.9266357421875,609.971923828125
r_1775563547_991186991,1260,500.2909851074219,564.2490844726562
r_1775563547_991186991,1261,509.44189453125,561.25634765625
r_1775563547_991186991,1262,510.255615234375,574.4541015625
r_1775563547_991186991,1263,500.4519958496094,577.4678955078125
r_1775563548_091531338,1180,274.5683898925781,374.8153076171875
r_1775563548_091531338,1181,297.2202453613281,378.3125915527344
r_1775563548_091531338,1182,298.16021728515625,401.3933410644531
r_1775563548_091531338,1183,275.2978515625,398.4071960449219
r_1775563548_091531338,1340,1049.02783203125,590.6837768554688
r_1775563548_091531338,1341,1070.0533447265625,594.7072143554688
r_1775563548_091531338,1342,1066.295166015625,616.998291015625
r_1775563548_091531338,1343,1045.1639404296875,612.2949829101562
r_1775563548_091531338,1280,786.3062133789062,410.91802978515625
r_1775563548_091531338,1281,801.514892578125,410.2732238769531
r_1775563548_091531338,1282,801.5042114257812,424.8424072265625
r_1775563548_091531338,1283,786.1298217773438,425.531005859375
r_1775563548_091531338,1300,708.6780395507812,543.900146484375
r_1775563548_091531338,1301,722.2337036132812,544.7613525390625
r_1775563548_091531338,1302,721.8635864257812,558.636474609375
r_1775563548_091531338,1303,708.5323486328125,557.9217529296875
r_1775563548_091531338,1220,641.19970703125,449.34222412109375
r_1775563548_091531338,1221,653.4954223632812,448.9354553222656
r_1775563548_091531338,1222,653.1159057617188,462.2564392089844
r_1775563548_091531338,1223,640.685302734375,462.4742431640625
r_1775563548_091531338,1190,889.4985961914062,479.6806640625
r_1775563548_091531338,1191,907.042236328125,479.6816711425781
r_1775563548_091531338,1192,907.1901245117188,495.48138427734375
r_1775563548_091531338,1193,889.5247802734375,495.2643737792969
r_1775563548_191460274,1180,274.5104675292969,375.08642578125
r_1775563548_191460274,1181,297.1668701171875,378.4680480957031
r_1775563548_191460274,1182,297.51446533203125,401.6037902832031
r_1775563548_191460274,1183,274.88995361328125,398.5789489746094
r_1775563548_191460274,1340,1048.99853515625,593.1485595703125
r_1775563548_191460274,1341,1070.218017578125,597.3477172851562
r_1775563548_191460274,1342,1066.3782958984375,619.7445678710938
r_1775563548_191460274,1343,1045.2489013671875,614.7921752929688
r_1775563548_191460274,1280,786.3165283203125,412.41180419921875
r_1775563548_191460274,1281,801.6016845703125,411.99609375
r_1775563548_191460274,1282,801.5572509765625,426.5791015625
r_1775563548_191460274,1283,786.1270141601562,427.145263671875
r_1775563548_191460274,1220,641.1484375,450.5735778808594
r_1775563548_191460274,1221,653.32373046875,450.3345642089844
r_1775563548_191460274,1222,652.87548828125,463.51300048828125
r_1775563548_191460274,1223,640.6286010742188,463.7412109375
r_1775563548_191460274,1190,889.4607543945312,481.6259765625
r_1775563548_191460274,1191,906.908447265625,481.6957092285156
r_1775563548_191460274,1192,907.0223999023438,497.51727294921875
r_1775563548_191460274,1193,889.48046875,497.0899658203125
r_1775563548_191460274,1300,708.329833984375,545.2701416015625
r_1775563548_191460274,1301,721.8458862304688,546.2191162109375
r_1775563548_191460274,1302,721.49755859375,560.2876586914062
r_1775563548_191460274,1303,708.10693359375,559.4918212890625
r_1775563548_291458533,1180,275.9135437011719,373.2908935546875
r_1775563548_291458533,1181,298.7203674316406,377.2078552246094
r_1775563548_291458533,1182,299.42596435546875,399.9779968261719
r_1775563548_291458533,1183,276.64190673828125,397.0126647949219
r_1775563548_291458533,1280,788.4652709960938,411.78631591796875
r_1775563548_291458533,1281,803.8267211914062,411.3661804199219
r_1775563548_291458533,1282,803.5573120117188,425.77642822265625
r_1775563548_291458533,1283,788.0032958984375,426.4686584472656
r_1775563548_291458533,1300,709.9813842773438,544.5897827148438
r_1775563548_291458533,1301,723.490966796875,545.6448974609375
r_1775563548_291458533,1302,723.0433959960938,559.7139892578125
r_1775563548_291458533,1303,709.6553344726562,558.8783569335938
r_1775563548_291458533,1220,642.7908935546875,449.6767578125
r_1775563548_291458533,1221,654.9469604492188,449.48284912109375
r_1775563548_291458533,1222,654.5097045898438,462.6880187988281
r_1775563548_291458533,1223,642.1692504882812,462.8288879394531
r_1775563548_291458533,1260,504.548828125,563.949951171875
r_1775563548_291458533,1261,513.67041015625,561.3054809570312
r_1775563548_291458533,1262,514.5437622070312,574.6204223632812
r_1775563548_291458533,1263,504.6988220214844,577.535888671875
r_1775563548_291458533,1340,1051.9561767578125,593.6577758789062
r_1775563548_291458533,1341,1073.404296875,597.7665405273438
r_1775563548_291458533,1342,1069.4410400390625,620.0840454101562
r_1775563548_291458533,1343,1048.1318359375,615.2903442382812
r_1775563548_291458533,1190,891.6903076171875,481.3335876464844
r_1775563548_291458533,1191,909.3697509765625,481.4605712890625
r_1775563548_291458533,1192,909.4059448242188,497.2615051269531
r_1775563548_291458533,1193,891.6287841796875,496.7393798828125
r_1775563548_390985158,1280,790.1403198242188,410.6072692871094
r_1775563548_390985158,1281,805.5816650390625,410.12823486328125
r_1775563548_390985158,1282,805.3626708984375,424.7265625
r_1775563548_390985158,1283,789.7327880859375,425.34832763671875
r_1775563548_390985158,1300,710.907470703125,543.3851318359375
r_1775563548_390985158,1301,724.5537109375,544.3927612304688
r_1775563548_390985158,1302,724.1560668945312,558.3910522460938
r_1775563548_390985158,1303,710.675048828125,557.4619140625
r_1775563548_390985158,1190,893.3890380859375,480.62548828125
r_1775563548_390985158,1191,911.2217407226562,480.71978759765625
r_1775563548_390985158,1192,911.1819458007812,496.609619140625
r_1775563548_390985158,1193,893.4642944335938,496.2335510253906
r_1775563548_390985158,1180,277.1281433105469,370.84478759765625
r_1775563548_390985158,1181,299.92999267578125,374.6845397949219
r_1775563548_390985158,1182,300.5052490234375,397.5252380371094
r_1775563548_390985158,1183,277.6510009765625,394.466796875
r_1775563548_390985158,1340,1054.0799560546875,593.5719604492188
r_1775563548_390985158,1341,1075.508056640625,597.921630859375
r_1775563548_390985158,1342,1071.4425048828125,620.25244140625
r_1775563548_390985158,1343,1050.082763671875,615.3998413085938
r_1775563548_490842787,1340,1059.3634033203125,596.0194091796875
r_1775563548_490842787,1341,1081.0472412109375,600.38623046875
r_1775563548_490842787,1342,1076.9537353515625,622.9346923828125
r_1775563548_490842787,1343,1055.189697265625,617.7906494140625
r_1775563548_490842787,1280,793.663330078125,411.2215881347656
r_1775563548_490842787,1281,809.2601928710938,410.7452392578125
r_1775563548_490842787,1282,808.88916015625,425.45556640625
r_1775563548_490842787,1283,793.2713623046875,426.03857421875
r_1775563548_490842787,1260,507.8705749511719,562.3917236328125
r_1775563548_490842787,1261,517.3450927734375,559.4280395507812
r_1775563548_490842787,1262,517.2250366210938,572.939697265625
r_1775563548_490842787,1263,508.0770568847656,575.6934814453125
r_1775563548_490842787,1300,713.9215698242188,544.1455688476562
r_1775563548_490842787,1301,727.4672241210938,545.1727294921875
r_1775563548_490842787,1302,726.8628540039062,559.3016357421875
r_1775563548_490842787,1303,713.4480590820312,558.3798217773438
r_1775563548_490842787,1180,280.5701599121094,370.37640380859375
r_1775563548_490842787,1181,303.3189697265625,373.9981689453125
r_1775563548_490842787,1182,303.68365478515625,397.26318359375
r_1775563548_490842787,1183,281.19403076171875,394.071044921875
r_1775563548_490842787,1190,897.3387451171875,481.7124938964844
r_1775563548_490842787,1191,915.2457885742188,481.7185363769531
r_1775563548_490842787,1192,915.1939697265625,497.69927978515625
r_1775563548_490842787,1193,897.3037719726562,497.3360900878906
r_1775563548_490842787,1220,646.9039306640625,448.3094787597656
r_1775563548_490842787,1221,659.20068359375,448.1833801269531
r_1775563548_490842787,1222,658.5697021484375,461.4315490722656
r_1775563548_490842787,1223,646.35888671875,461.53106689453125
r_1775563548_591353732,1180,278.71502685546875,368.74981689453125
r_1775563548_591353732,1181,301.4449157714844,372.51690673828125
r_1775563548_591353732,1182,301.747314453125,395.6592712402344
r_1775563548_591353732,1183,279.0552062988281,392.4426574707031
r_1775563548_591353732,1280,793.1322021484375,410.78363037109375
r_1775563548_591353732,1281,808.6810913085938,410.4276123046875
r_1775563548_591353732,1282,808.3321533203125,425.199462890625
r_1775563548_591353732,1283,792.5938720703125,425.601318359375
r_1775563548_591353732,1300,712.9482421875,543.844482421875
r_1775563548_591353732,1301,726.4727783203125,544.8958129882812
r_1775563548_591353732,1302,726.0338745117188,558.9785766601562
r_1775563548_591353732,1303,712.3589477539062,557.912841796875
r_1775563548_591353732,1220,646.159912109375,447.77783203125
r_1775563548_591353732,1221,658.3251342773438,447.5970764160156
r_1775563548_591353732,1222,657.6332397460938,460.85467529296875
r_1775563548_591353732,1223,645.2922973632812,461.07708740234375
r_1775563548_591353732,1260,506.86279296875,561.6177978515625
r_1775563548_591353732,1261,516.2110595703125,558.708740234375
r_1775563548_591353732,1262,516.2548217773438,572.2965698242188
r_1775563548_591353732,1263,506.7337341308594,575.0709228515625
r_1775563548_591353732,1190,896.5333251953125,481.5929260253906
r_1775563548_591353732,1191,914.5803833007812,481.7607421875
r_1775563548_591353732,1192,914.2899169921875,497.6942138671875
r_1775563548_591353732,1193,896.4592895507812,497.27911376953125
r_1775563548_591353732,1340,1058.5523681640625,596.3604125976562
r_1775563548_591353732,1341,1080.3050537109375,600.5828247070312
r_1775563548_591353732,1342,1076.002685546875,623.3814086914062
r_1775563548_591353732,1343,1054.412109375,618.1425170898438
r_1775563548_691211080,1180,278.7374267578125,368.59808349609375
r_1775563548_691211080,1181,301.73516845703125,372.4590148925781
r_1775563548_691211080,1182,302.04296875,395.5855407714844
r_1775563548_691211080,1183,279.3048095703125,392.5386657714844
r_1775563548_691211080,1340,1061.4383544921875,595.06005859375
r_1775563548_691211080,1341,1083.3482666015625,599.4849243164062
r_1775563548_691211080,1342,1079.2313232421875,622.1014404296875
r_1775563548_691211080,1343,1057.341796875,616.9707641601562
r_1775563548_691211080,1280,794.3584594726562,409.7716369628906
r_1775563548_691211080,1281,810.0440063476562,409.20794677734375
r_1775563548_691211080,1282,809.52294921875,423.90765380859375
r_1775563548_691211080,1283,793.9171142578125,424.5435485839844
r_1775563548_691211080,1300,714.3213500976562,543.0567626953125
r_1775563548_691211080,1301,727.8163452148438,544.1419067382812
r_1775563548_691211080,1302,727.2590942382812,558.1552734375
r_1775563548_691211080,1303,713.8242797851562,557.3429565429688
r_1775563548_691211080,1260,507.7220458984375,561.4379272460938
r_1775563548_691211080,1261,517.1792602539062,558.6505126953125
r_1775563548_691211080,1262,517.6442260742188,572.28466796875
r_1775563548_691211080,1263,507.9210205078125,574.8812866210938
r_1775563548_691211080,1190,898.3314208984375,480.4906921386719
r_1775563548_691211080,1191,916.336669921875,480.6115417480469
r_1775563548_691211080,1192,916.3391723632812,496.604248046875
r_1775563548_691211080,1193,898.2047729492188,496.1224060058594
r_1775563548_691211080,1220,646.9973754882812,447.1963806152344
r_1775563548_691211080,1221,659.24462890625,447.0390319824219
r_1775563548_691211080,1222,658.6456298828125,460.322265625
r_1775563548_691211080,1223,646.401123046875,460.4836730957031
r_1775563548_790889732,1280,795.925537109375,406.7118835449219
r_1775563548_790889732,1281,811.6414184570312,406.3182678222656
r_1775563548_790889732,1282,811.2384033203125,421.05950927734375
r_1775563548_790889732,1283,795.6520385742188,421.6353454589844
r_1775563548_790889732,1300,716.040283203125,540.8954467773438
r_1775563548_790889732,1301,729.64013671875,541.9205932617188
r_1775563548_790889732,1302,729.185791015625,555.978515625
r_1775563548_790889732,1303,715.5812377929688,555.2356567382812
r_1775563548_790889732,1190,900.6203002929688,477.34906005859375
r_1775563548_790889732,1191,918.7594604492188,477.2874450683594
r_1775563548_790889732,1192,918.775634765625,493.4534606933594
r_1775563548_790889732,1193,900.5577392578125,493.1103820800781
r_1775563548_790889732,1340,1065.5216064453125,591.7264404296875
r_1775563548_790889732,1341,1087.531982421875,596.277587890625
r_1775563548_790889732,1342,1083.3905029296875,618.934814453125
r_1775563548_790889732,1343,1061.2989501953125,613.793701171875
r_1775563548_790889732,1180,278.53338623046875,367.5599670410156
r_1775563548_790889732,1181,301.46978759765625,371.3926086425781
r_1775563548_790889732,1182,302.2437744140625,394.6282653808594
r_1775563548_790889732,1183,279.2057189941406,391.5232238769531
r_1775563548_891492685,1190,900.5341186523438,475.90460205078125
r_1775563548_891492685,1191,918.6143188476562,475.913330078125
r_1775563548_891492685,1192,918.6920166015625,492.0332336425781
r_1775563548_891492685,1193,900.4501342773438,491.7723083496094
r_1775563548_891492685,1280,795.2952880859375,405.7443542480469
r_1775563548_891492685,1281,811.011474609375,405.056884765625
r_1775563548_891492685,1282,810.7603149414062,419.9176940917969
r_1775563548_891492685,1283,795.06201171875,420.6077880859375
r_1775563548_891492685,1300,715.6226806640625,540.3391723632812
r_1775563548_891492685,1301,729.402587890625,541.3974609375
r_1775563548_891492685,1302,728.9586791992188,555.4856567382812
r_1775563548_891492685,1303,715.3147583007812,554.6541137695312
r_1775563548_891492685,1340,1066.3966064453125,590.1544189453125
r_1775563548_891492685,1341,1088.428955078125,594.4839477539062
r_1775563548_891492685,1342,1084.535888671875,617.3395385742188
r_1775563548_891492685,1343,1062.2620849609375,612.2388305664062
r_1775563548_891492685,1180,275.52825927734375,368.1513671875
r_1775563548_891492685,1181,298.8109436035156,371.6445007324219
r_1775563548_891492685,1182,299.49468994140625,395.1151428222656
r_1775563548_891492685,1183,276.3108215332031,392.1470642089844
r_1775563548_991378158,1190,895.99609375,477.3291320800781
r_1775563548_991378158,1191,913.888671875,477.4107360839844
r_1775563548_991378158,1192,913.9085083007812,493.4206848144531
r_1775563548_991378158,1193,895.7660522460938,493.0168151855469
r_1775563548_991378158,1280,791.2396240234375,406.54046630859375
r_1775563548_991378158,1281,806.8710327148438,406.0267028808594
r_1775563548_991378158,1282,806.7416381835938,420.8414001464844
r_1775563548_991378158,1283,791.0021362304688,421.4349670410156
r_1775563548_991378158,1300,711.029296875,540.9566040039062
r_1775563548_991378158,1301,724.8110961914062,542.0565185546875
r_1775563548_991378158,1302,724.2672119140625,556.2955322265625
r_1775563548_991378158,1303,710.6693115234375,555.3634033203125
r_1775563548_991378158,1340,1060.494873046875,591.8452758789062
r_1775563548_991378158,1341,1082.719970703125,596.4611206054688
r_1775563548_991378158,1342,1078.56982421875,619.1817016601562
r_1775563548_991378158,1343,1056.44921875,613.8510131835938
r_1775563548_991378158,1180,268.2723693847656,365.692626953125
r_1775563548_991378158,1181,291.93121337890625,369.8056640625
r_1775563548_991378158,1182,292.4317626953125,393.3143310546875
r_1775563548_991378158,1183,268.7881164550781,390.1872253417969
r_1775563549_091581482,1180,263.78570556640625,361.2032470703125
r_1775563549_091581482,1181,287.7714538574219,365.3460388183594
r_1775563549_091581482,1182,288.2577819824219,389.2192687988281
r_1775563549_091581482,1183,264.5531921386719,385.7070007324219
r_1775563549_091581482,1280,790.2926025390625,406.4744873046875
r_1775563549_091581482,1281,806.0202026367188,406.0450134277344
r_1775563549_091581482,1282,805.6336669921875,420.8417053222656
r_1775563549_091581482,1283,789.7708740234375,421.4807434082031
r_1775563549_091581482,1300,708.8275146484375,540.702880859375
r_1775563549_091581482,1301,722.4641723632812,541.7838745117188
r_1775563549_091581482,1302,722.0487670898438,556.0115966796875
r_1775563549_091581482,1303,708.5001220703125,555.1334838867188
r_1775563549_091581482,1190,894.55029296875,478.1040344238281
r_1775563549_091581482,1191,912.5037231445312,478.38848876953125
r_1775563549_091581482,1192,912.4027709960938,494.4700012207031
r_1775563549_091581482,1193,894.2719116210938,493.9248962402344
r_1775563549_091581482,1340,1058.6025390625,594.3665771484375
r_1775563549_091581482,1341,1080.8450927734375,598.8536987304688
r_1775563549_091581482,1342,1076.572021484375,621.7344970703125
r_1775563549_091581482,1343,1054.3896484375,616.4306640625
r_1775563549_091581482,1220,641.4423828125,443.6240234375
r_1775563549_091581482,1221,653.7706298828125,443.47772216796875
r_1775563549_091581482,1222,653.3204345703125,457.0151672363281
r_1775563549_091581482,1223,640.7120361328125,457.0396423339844
r_1775563549_191486372,1280,793.4270629882812,406.5064392089844
r_1775563549_191486372,1281,809.2823486328125,406.25677490234375
r_1775563549_191486372,1282,808.8340454101562,421.111083984375
r_1775563549_191486372,1283,793.0103759765625,421.5388488769531
r_1775563549_191486372,1300,711.2460327148438,541.3356323242188
r_1775563549_191486372,1301,725.0289306640625,542.5164184570312
r_1775563549_191486372,1302,724.3541870117188,556.8154296875
r_1775563549_191486372,1303,710.8170166015625,555.8251953125
r_1775563549_191486372,1220,643.5870971679688,443.7118835449219
r_1775563549_191486372,1221,656.15283203125,443.60498046875
r_1775563549_191486372,1222,655.4700927734375,457.1751403808594
r_1775563549_191486372,1223,642.9432983398438,457.1748962402344
r_1775563549_191486372,1340,1064.614990234375,596.5283203125
r_1775563549_191486372,1341,1087.3597412109375,601.3604125976562
r_1775563549_191486372,1342,1082.8211669921875,624.27099609375
r_1775563549_191486372,1343,1060.28759765625,618.6882934570312
r_1775563549_191486372,1180,264.44708251953125,360.4152526855469
r_1775563549_191486372,1181,288.4240417480469,364.3783874511719
r_1775563549_191486372,1182,288.7836608886719,388.4461669921875
r_1775563549_191486372,1183,264.8133544921875,384.7635192871094
r_1775563549_191486372,1260,501.4963684082031,558.8953857421875
r_1775563549_191486372,1261,511.0108642578125,556.2335205078125
r_1775563549_191486372,1262,511.2874755859375,570.114501953125
r_1775563549_191486372,1263,501.4235534667969,572.8602905273438
r_1775563549_291549449,1190,901.5480346679688,479.02008056640625
r_1775563549_291549449,1191,919.8966674804688,479.3419189453125
r_1775563549_291549449,1192,919.9010009765625,495.68975830078125
r_1775563549_291549449,1193,901.3872680664062,495.2547607421875
r_1775563549_291549449,1280,795.7053833007812,406.2977294921875
r_1775563549_291549449,1281,811.7562255859375,405.97406005859375
r_1775563549_291549449,1282,811.3260498046875,420.9362487792969
r_1775563549_291549449,1283,795.311767578125,421.4141540527344
r_1775563549_291549449,1300,713.0442504882812,541.79345703125
r_1775563549_291549449,1301,726.71484375,542.913330078125
r_1775563549_291549449,1302,726.2135009765625,557.400146484375
r_1775563549_291549449,1303,712.449462890625,556.30517578125
r_1775563549_291549449,1180,263.0538330078125,359.1597595214844
r_1775563549_291549449,1181,287.1888427734375,363.2995300292969
r_1775563549_291549449,1182,287.61444091796875,387.4303283691406
r_1775563549_291549449,1183,263.37939453125,383.8410339355469
r_1775563549_291549449,1340,1070.3905029296875,598.214599609375
r_1775563549_291549449,1341,1093.40478515625,602.869873046875
r_1775563549_291549449,1342,1088.7418212890625,626.3882446289062
r_1775563549_291549449,1343,1065.7816162109375,620.6962890625
r_1775563549_391516290,1280,800.5862426757812,409.2437744140625
r_1775563549_391516290,1281,816.8472290039062,408.8455505371094
r_1775563549_391516290,1282,816.3897094726562,424.0987854003906
r_1775563549_391516290,1283,799.9779052734375,424.48077392578125
r_1775563549_391516290,1300,716.9063720703125,545.5202026367188
r_1775563549_391516290,1301,730.7897338867188,546.7451171875
r_1775563549_391516290,1302,730.2186889648438,561.2732543945312
r_1775563549_391516290,1303,716.2982177734375,560.2236938476562
r_1775563549_391516290,1260,504.6404113769531,562.4095458984375
r_1775563549_391516290,1261,514.1224975585938,559.6593627929688
r_1775563549_391516290,1262,514.4007568359375,573.4517211914062
r_1775563549_391516290,1263,504.6816101074219,576.2801513671875
r_1775563549_391516290,1340,1080.0074462890625,604.1690673828125
r_1775563549_391516290,1341,1103.7945556640625,609.4334716796875
r_1775563549_391516290,1342,1099.00048828125,632.8544921875
r_1775563549_391516290,1343,1075.5389404296875,627.0567626953125
r_1775563549_391516290,1190,907.6630249023438,482.7685852050781
r_1775563549_391516290,1191,926.4069213867188,483.1725158691406
r_1775563549_391516290,1192,926.3283081054688,499.62823486328125
r_1775563549_391516290,1193,907.4415283203125,499.2825622558594
r_1775563549_391516290,1180,264.7079162597656,360.5212707519531
r_1775563549_391516290,1181,289.3096618652344,364.9244079589844
r_1775563549_391516290,1182,289.57574462890625,389.05242919921875
r_1775563549_391516290,1183,265.0560607910156,385.43719482421875
r_1775563549_491489586,1340,1079.4459228515625,608.8230590820312
r_1775563549_491489586,1341,1103.3154296875,614.1189575195312
r_1775563549_491489586,1342,1098.74072265625,637.903564453125
r_1775563549_491489586,1343,1075.0936279296875,631.8884887695312
r_1775563549_491489586,1190,905.8917846679688,486.2530517578125
r_1775563549_491489586,1191,924.7390747070312,486.52130126953125
r_1775563549_491489586,1192,924.5484619140625,503.1621398925781
r_1775563549_491489586,1193,905.7122802734375,502.4575500488281
r_1775563549_491489586,1280,798.7124633789062,411.9281311035156
r_1775563549_491489586,1281,814.930908203125,411.5040588378906
r_1775563549_491489586,1282,814.4968872070312,426.88055419921875
r_1775563549_491489586,1283,798.1372680664062,427.06915283203125
r_1775563549_491489586,1300,714.4718627929688,548.6198120117188
r_1775563549_491489586,1301,728.4158935546875,549.8458862304688
r_1775563549_491489586,1302,727.6331176757812,564.447265625
r_1775563549_491489586,1303,713.6868896484375,563.3381958007812
r_1775563549_491489586,1260,500.67767333984375,564.9011840820312
r_1775563549_491489586,1261,510.3403625488281,562.4161376953125
r_1775563549_491489586,1262,510.77105712890625,576.3850708007812
r_1775563549_491489586,1263,500.67138671875,578.8495483398438
r_1775563549_491489586,1220,646.298828125,448.6885681152344
r_1775563549_491489586,1221,658.77880859375,448.6730041503906
r_1775563549_491489586,1222,657.9862060546875,462.4646301269531
r_1775563549_491489586,1223,645.3037719726562,462.36859130859375
r_1775563549_491489586,1180,257.6595458984375,360.33477783203125
r_1775563549_491489586,1181,282.8221435546875,365.1712951660156
r_1775563549_491489586,1182,282.89825439453125,389.4287109375
r_1775563549_491489586,1183,257.97412109375,385.5582580566406
r_1775563549_591399846,1180,255.59263610839844,359.8796691894531
r_1775563549_591399846,1181,281.0286865234375,364.7093505859375
r_1775563549_591399846,1182,281.0629577636719,389.35870361328125
r_1775563549_591399846,1183,255.93055725097656,385.3756408691406
r_1775563549_591399846,1190,909.6221313476562,486.1901550292969
r_1775563549_591399846,1191,928.5995483398438,486.5564270019531
r_1775563549_591399846,1192,928.53076171875,503.3156433105469
r_1775563549_591399846,1193,909.5179443359375,502.62890625
r_1775563549_591399846,1280,801.2378540039062,411.5019226074219
r_1775563549_591399846,1281,817.63037109375,411.1439208984375
r_1775563549_591399846,1282,817.2324829101562,426.53094482421875
r_1775563549_591399846,1283,800.818603515625,426.7068786621094
r_1775563549_591399846,1340,1086.172119140625,610.196044921875
r_1775563549_591399846,1341,1110.5511474609375,615.6198120117188
r_1775563549_591399846,1342,1105.941650390625,639.7169189453125
r_1775563549_591399846,1343,1081.685546875,633.7186889648438
r_1775563549_591399846,1300,716.4280395507812,549.186767578125
r_1775563549_591399846,1301,730.5067138671875,550.3903198242188
r_1775563549_591399846,1302,729.74560546875,565.1302490234375
r_1775563549_591399846,1303,715.815673828125,564.0238647460938
r_1775563549_591399846,1220,647.6573486328125,448.70159912109375
r_1775563549_591399846,1221,660.414794921875,448.7767028808594
r_1775563549_591399846,1222,659.6551513671875,462.60113525390625
r_1775563549_591399846,1223,646.8844604492188,462.5040283203125
r_1775563549_691076755,1340,1101.206787109375,610.982666015625
r_1775563549_691076755,1341,1126.5023193359375,616.50244140625
r_1775563549_691076755,1342,1121.8348388671875,641.310302734375
r_1775563549_691076755,1343,1096.5242919921875,634.7406616210938
r_1775563549_691076755,1280,808.9483032226562,409.4584655761719
r_1775563549_691076755,1281,825.5680541992188,409.1529235839844
r_1775563549_691076755,1282,825.2098999023438,424.77685546875
r_1775563549_691076755,1283,808.4359130859375,424.992919921875
r_1775563549_691076755,1300,723.2894287109375,548.6133422851562
r_1775563549_691076755,1301,737.6152954101562,550.0602416992188
r_1775563549_691076755,1302,736.7481689453125,564.8059692382812
r_1775563549_691076755,1303,722.6807861328125,563.6749877929688
r_1775563549_691076755,1180,260.0264587402344,359.8188171386719
r_1775563549_691076755,1181,285.2043151855469,364.47796630859375
r_1775563549_691076755,1182,285.5511779785156,389.24658203125
r_1775563549_691076755,1183,260.24835205078125,385.2947692871094
r_1775563549_691076755,1220,653.8026733398438,447.7056884765625
r_1775563549_691076755,1221,666.5737915039062,447.7138977050781
r_1775563549_691076755,1222,665.995849609375,461.5250244140625
r_1775563549_691076755,1223,653.10009765625,461.5466613769531
r_1775563549_691076755,1190,919.4490356445312,484.8658752441406
r_1775563549_691076755,1191,938.7800903320312,485.17608642578125
r_1775563549_691076755,1192,938.5989990234375,502.2016906738281
r_1775563549_691076755,1193,919.3275756835938,501.5109558105469
r_1775563549_791189170,1190,921.5453491210938,481.57098388671875
r_1775563549_791189170,1191,940.9981689453125,481.8953857421875
r_1775563549_791189170,1192,940.8741455078125,499.06402587890625
r_1775563549_791189170,1193,921.3219604492188,498.40069580078125
r_1775563549_791189170,1280,810.3630981445312,405.7596130371094
r_1775563549_791189170,1281,827.1182861328125,405.33392333984375
r_1775563549_791189170,1282,826.720458984375,421.0392150878906
r_1775563549_791189170,1283,809.8119506835938,421.3460388183594
r_1775563549_791189170,1300,723.95751953125,545.7922973632812
r_1775563549_791189170,1301,738.2962646484375,546.9943237304688
r_1775563549_791189170,1302,737.5760498046875,561.7935791015625
r_1775563549_791189170,1303,723.300537109375,560.6793823242188
r_1775563549_791189170,1220,654.2577514648438,444.2538146972656
r_1775563549_791189170,1221,666.825927734375,444.2875061035156
r_1775563549_791189170,1222,666.4073486328125,458.0894470214844
r_1775563549_791189170,1223,653.476318359375,458.1279602050781
r_1775563549_791189170,1260,506.9379577636719,562.5113525390625
r_1775563549_791189170,1261,516.6513061523438,559.8399047851562
r_1775563549_791189170,1262,516.425048828125,573.8119506835938
r_1775563549_791189170,1263,506.6209716796875,577.008544921875
r_1775563549_791189170,1180,255.83990478515625,355.4144592285156
r_1775563549_791189170,1181,281.41497802734375,359.9691467285156
r_1775563549_791189170,1182,281.8960266113281,384.7721862792969
r_1775563549_791189170,1183,256.2115173339844,381.2331848144531
r_1775563549_791189170,1340,1105.1683349609375,609.1019897460938
r_1775563549_791189170,1341,1130.7589111328125,614.711181640625
r_1775563549_791189170,1342,1125.866455078125,639.5392456054688
r_1775563549_791189170,1343,1100.3997802734375,632.9528198242188
r_1775563549_891378332,1190,924.1477661132812,481.75677490234375
r_1775563549_891378332,1191,943.6607055664062,482.2174987792969
r_1775563549_891378332,1192,943.5203857421875,499.50006103515625
r_1775563549_891378332,1193,923.7398681640625,498.7998962402344
r_1775563549_891378332,1280,811.8798828125,405.46112060546875
r_1775563549_891378332,1281,828.9396362304688,404.99755859375
r_1775563549_891378332,1282,828.4237060546875,420.9644470214844
r_1775563549_891378332,1283,811.3807373046875,421.2494201660156
r_1775563549_891378332,1220,654.6800537109375,444.23046875
r_1775563549_891378332,1221,667.4986572265625,444.2834777832031
r_1775563549_891378332,1222,666.885498046875,458.0660400390625
r_1775563549_891378332,1223,653.9630126953125,458.0469970703125
r_1775563549_891378332,1260,506.5220642089844,562.9619140625
r_1775563549_891378332,1261,516.593994140625,560.4651489257812
r_1775563549_891378332,1262,516.4857177734375,574.5661010742188
r_1775563549_891378332,1263,506.3475646972656,577.6835327148438
r_1775563549_891378332,1300,724.9153442382812,546.3243408203125
r_1775563549_891378332,1301,739.3295288085938,547.5054321289062
r_1775563549_891378332,1302,738.5313110351562,562.494140625
r_1775563549_891378332,1303,724.2421264648438,561.3182373046875
r_1775563549_891378332,1180,252.67930603027344,354.2950744628906
r_1775563549_891378332,1181,278.7499694824219,359.22064208984375
r_1775563549_891378332,1182,279.3263854980469,384.3741760253906
r_1775563549_891378332,1183,253.27511596679688,380.5020446777344
r_1775563549_891378332,1340,1110.1983642578125,610.724853515625
r_1775563549_891378332,1341,1136.2642822265625,616.5863647460938
r_1775563549_891378332,1342,1131.425537109375,641.6038818359375
r_1775563549_891378332,1343,1105.423828125,634.9403686523438
r_1775563549_991690181,1340,1111.8427734375,610.8407592773438
r_1775563549_991690181,1341,1138.3177490234375,616.8446655273438
r_1775563549_991690181,1342,1133.3907470703125,642.0447998046875
r_1775563549_991690181,1343,1106.9259033203125,635.1592407226562
r_1775563549_991690181,1190,923.6622924804688,481.5125427246094
r_1775563549_991690181,1191,943.4439697265625,481.8465576171875
r_1775563549_991690181,1192,943.1491088867188,499.09112548828125
r_1775563549_991690181,1193,923.4073486328125,498.4624328613281
r_1775563549_991690181,1280,810.960205078125,404.9750061035156
r_1775563549_991690181,1281,827.848876953125,404.5557556152344
r_1775563549_991690181,1282,827.4854125976562,420.5248107910156
r_1775563549_991690181,1283,810.3870239257812,420.7546081542969
r_1775563549_991690181,1300,723.683837890625,546.63037109375
r_1775563549_991690181,1301,738.18310546875,547.892333984375
r_1775563549_991690181,1302,737.52783203125,562.9791870117188
r_1775563549_991690181,1303,723.0958862304688,561.784912109375
r_1775563549_991690181,1180,246.2950897216797,354.0088806152344
r_1775563549_991690181,1181,272.7085876464844,358.89935302734375
r_1775563549_991690181,1182,273.35565185546875,384.2900390625
r_1775563549_991690181,1183,246.59756469726562,380.2312316894531
r_1775563549_991690181,1220,652.958984375,444.25006103515625
r_1775563549_991690181,1221,665.963134765625,444.2628173828125
r_1775563549_991690181,1222,665.3515625,458.1935119628906
r_1775563549_991690181,1223,652.2708740234375,458.17095947265625
r_1775563549_991690181,1260,503.86517333984375,564.3576049804688
r_1775563549_991690181,1261,514.0950927734375,561.4356689453125
r_1775563549_991690181,1262,514.3960571289062,575.6544799804688
r_1775563549_991690181,1263,504.1160888671875,578.6779174804688
r_1775563550_091687057,1190,925.6018676757812,479.54998779296875
r_1775563550_091687057,1191,945.5244750976562,479.7525634765625
r_1775563550_091687057,1192,945.5335083007812,497.23736572265625
r_1775563550_091687057,1193,925.4329223632812,496.7868957519531
r_1775563550_091687057,1280,811.65625,403.1861267089844
r_1775563550_091687057,1281,828.7647094726562,402.5539855957031
r_1775563550_091687057,1282,828.470947265625,418.4955139160156
r_1775563550_091687057,1283,811.1581420898438,419.15130615234375
r_1775563550_091687057,1260,503.5683898925781,564.6386108398438
r_1775563550_091687057,1261,513.4722900390625,561.8539428710938
r_1775563550_091687057,1262,513.6280517578125,576.5770874023438
r_1775563550_091687057,1263,503.570068359375,579.156494140625
r_1775563550_091687057,1220,652.880615234375,443.4835510253906
r_1775563550_091687057,1221,665.8596801757812,443.3945007324219
r_1775563550_091687057,1222,665.4036254882812,457.3719787597656
r_1775563550_091687057,1223,652.2780151367188,457.5036315917969
r_1775563550_091687057,1180,241.33888244628906,353.5782165527344
r_1775563550_091687057,1181,268.44573974609375,358.38201904296875
r_1775563550_091687057,1182,269.06158447265625,384.1830749511719
r_1775563550_091687057,1183,242.18800354003906,380.2292785644531
r_1775563550_091687057,1340,1117.089111328125,609.2958374023438
r_1775563550_091687057,1341,1143.917724609375,614.9805297851562
r_1775563550_091687057,1342,1139.19140625,640.5804443359375
r_1775563550_091687057,1343,1112.2567138671875,633.7706298828125
r_1775563550_091687057,1300,724.609130859375,546.167236328125
r_1775563550_091687057,1301,739.232177734375,547.3350830078125
r_1775563550_091687057,1302,738.468505859375,562.4052124023438
r_1775563550_091687057,1303,723.9337768554688,561.2839965820312
r_1775563550_191486071,1190,931.2694091796875,481.38433837890625
r_1775563550_191486071,1191,951.5158081054688,481.4269104003906
r_1775563550_191486071,1192,951.4064331054688,499.12469482421875
r_1775563550_191486071,1193,931.2125854492188,498.6273193359375
r_1775563550_191486071,1280,815.6795654296875,404.46173095703125
r_1775563550_191486071,1281,832.99560546875,403.7825927734375
r_1775563550_191486071,1282,832.5623779296875,420.1506042480469
r_1775563550_191486071,1283,815.334228515625,420.5694885253906
r_1775563550_191486071,1300,728.2298583984375,548.8441162109375
r_1775563550_191486071,1301,742.7639770507812,549.9993896484375
r_1775563550_191486071,1302,742.2593383789062,565.2374877929688
r_1775563550_191486071,1303,727.55126953125,564.0952758789062
r_1775563550_191486071,1260,505.58148193359375,567.7822875976562
r_1775563550_191486071,1261,516.0358276367188,564.9176635742188
r_1775563550_191486071,1262,515.6973266601562,579.6460571289062
r_1775563550_191486071,1263,505.54150390625,582.6416625976562
r_1775563550_191486071,1220,655.6968383789062,445.4179992675781
r_1775563550_191486071,1221,668.5935668945312,445.4704895019531
r_1775563550_191486071,1222,668.1248779296875,459.5428771972656
r_1775563550_191486071,1223,654.915771484375,459.6427001953125
r_1775563550_191486071,1340,1128.0225830078125,612.4766235351562
r_1775563550_191486071,1341,1155.823974609375,618.4351806640625
r_1775563550_191486071,1342,1151.120361328125,644.3036499023438
r_1775563550_191486071,1343,1123.5736083984375,637.3344116210938
r_1775563550_191486071,1180,241.10121154785156,355.504638671875
r_1775563550_191486071,1181,268.4806213378906,360.5167236328125
r_1775563550_191486071,1182,269.1172790527344,386.2890319824219
r_1775563550_191486071,1183,241.74977111816406,382.47637939453125
r_1775563550_291344256,1280,815.8381958007812,406.98931884765625
r_1775563550_291344256,1281,833.1902465820312,406.4732360839844
r_1775563550_291344256,1282,832.865966796875,422.6072082519531
r_1775563550_291344256,1283,815.5160522460938,423.1114501953125
r_1775563550_291344256,1220,654.6453247070312,447.6689758300781
r_1775563550_291344256,1221,667.780517578125,447.56573486328125
r_1775563550_291344256,1222,667.29833984375,461.686279296875
r_1775563550_291344256,1223,653.9342041015625,461.7083740234375
r_1775563550_291344256,1180,236.13894653320312,354.94818115234375
r_1775563550_291344256,1181,264.0236511230469,360.1855773925781
r_1775563550_291344256,1182,264.5371398925781,386.2630310058594
r_1775563550_291344256,1183,236.5205841064453,381.904541015625
r_1775563550_291344256,1300,727.3392944335938,551.8342895507812
r_1775563550_291344256,1301,742.2098388671875,553.1896362304688
r_1775563550_291344256,1302,741.5921630859375,568.4444580078125
r_1775563550_291344256,1303,726.7919921875,567.2976684570312
r_1775563550_291344256,1340,1131.432373046875,617.4758911132812
r_1775563550_291344256,1341,1159.7744140625,623.608154296875
r_1775563550_291344256,1342,1155.0462646484375,649.6699829101562
r_1775563550_291344256,1343,1126.9481201171875,642.5413818359375
r_1775563550_291344256,1190,931.9127197265625,484.5773010253906
r_1775563550_291344256,1191,952.2750854492188,484.7557678222656
r_1775563550_291344256,1192,952.3333740234375,502.56915283203125
r_1775563550_291344256,1193,931.822265625,501.9039611816406
r_1775563550_391540981,1340,1131.088623046875,614.5001831054688
r_1775563550_391540981,1341,1159.619384765625,620.6356201171875
r_1775563550_391540981,1342,1154.9820556640625,646.7586059570312
r_1775563550_391540981,1343,1126.492919921875,639.6617431640625
r_1775563550_391540981,1190,930.1499633789062,481.93804931640625
r_1775563550_391540981,1191,950.4491577148438,482.2592468261719
r_1775563550_391540981,1192,950.4910888671875,499.8645324707031
r_1775563550_391540981,1193,929.9454956054688,499.38275146484375
r_1775563550_391540981,1280,813.3984985351562,404.528076171875
r_1775563550_391540981,1281,830.8050537109375,403.9031677246094
r_1775563550_391540981,1282,830.533203125,420.3283996582031
r_1775563550_391540981,1283,813.035400390625,420.6981506347656
r_1775563550_391540981,1300,725.1459350585938,550.4378051757812
r_1775563550_391540981,1301,739.899169921875,551.546630859375
r_1775563550_391540981,1302,739.377685546875,566.8907470703125
r_1775563550_391540981,1303,724.5281982421875,565.7532348632812
r_1775563550_391540981,1260,499.576171875,570.4745483398438
r_1775563550_391540981,1261,510.1925964355469,567.314453125
r_1775563550_391540981,1262,510.4559020996094,582.1726684570312
r_1775563550_391540981,1263,499.551025390625,585.513671875
r_1775563550_391540981,1220,651.5516357421875,445.9122619628906
r_1775563550_391540981,1221,664.6822509765625,446.00762939453125
r_1775563550_391540981,1222,664.2841796875,460.293212890625
r_1775563550_391540981,1223,650.8746948242188,460.4153747558594
r_1775563550_391540981,1180,226.8058624267578,353.303466796875
r_1775563550_391540981,1181,255.36978149414062,358.3348083496094
r_1775563550_391540981,1182,255.89242553710938,384.8837585449219
r_1775563550_391540981,1183,227.39195251464844,380.9235534667969
r_1775563550_491548892,1190,923.1177978515625,475.9385681152344
r_1775563550_491548892,1191,943.4193115234375,476.0507507324219
r_1775563550_491548892,1192,943.6068115234375,493.6846008300781
r_1775563550_491548892,1193,923.3983154296875,493.4922180175781
r_1775563550_491548892,1280,806.2112426757812,399.8197937011719
r_1775563550_491548892,1281,823.6826782226562,398.9295654296875
r_1775563550_491548892,1282,823.52978515625,415.3443908691406
r_1775563550_491548892,1283,806.0068969726562,416.07373046875
r_1775563550_491548892,1300,719.2631225585938,547.0652465820312
r_1775563550_491548892,1301,734.3026123046875,547.913818359375
r_1775563550_491548892,1302,733.9353637695312,563.4624633789062
r_1775563550_491548892,1303,719.160400390625,562.5060424804688
r_1775563550_491548892,1220,644.5034790039062,443.15643310546875
r_1775563550_491548892,1221,657.7998046875,442.74981689453125
r_1775563550_491548892,1222,657.4824829101562,457.28692626953125
r_1775563550_491548892,1223,644.1173095703125,457.52362060546875
r_1775563550_491548892,1180,210.47113037109375,352.53045654296875
r_1775563550_491548892,1181,239.62010192871094,357.97760009765625
r_1775563550_491548892,1182,241.1118927001953,384.7165832519531
r_1775563550_491548892,1183,211.4678192138672,380.7297058105469
r_1775563550_491548892,1340,1124.4744873046875,606.02392578125
r_1775563550_491548892,1341,1152.863525390625,611.391357421875
r_1775563550_491548892,1342,1148.402587890625,637.6063232421875
r_1775563550_491548892,1343,1119.923095703125,631.0316772460938
r_1775563550_591593772,1180,190.89114379882812,351.78399658203125
r_1775563550_591593772,1181,221.5724334716797,357.1695861816406
r_1775563550_591593772,1182,223.10781860351562,384.7026062011719
r_1775563550_591593772,1183,192.34429931640625,380.655517578125
r_1775563550_591593772,1190,912.862548828125,473.3378601074219
r_1775563550_591593772,1191,932.963134765625,473.0343322753906
r_1775563550_591593772,1192,933.3712158203125,490.8426513671875
r_1775563550_591593772,1193,913.2623901367188,490.76458740234375
r_1775563550_591593772,1280,796.4260864257812,397.80682373046875
r_1775563550_591593772,1281,813.71630859375,396.87353515625
r_1775563550_591593772,1282,813.8336181640625,413.3572082519531
r_1775563550_591593772,1283,796.3711547851562,413.971435546875
r_1775563550_591593772,1300,710.7398681640625,545.6973266601562
r_1775563550_591593772,1301,725.6853637695312,546.6248168945312
r_1775563550_591593772,1302,725.5697631835938,562.0882568359375
r_1775563550_591593772,1303,710.5675048828125,561.2776489257812
r_1775563550_591593772,1340,1112.746337890625,600.730224609375
r_1775563550_591593772,1341,1140.70849609375,606.2117309570312
r_1775563550_591593772,1342,1136.72705078125,632.0885620117188
r_1775563550_591593772,1343,1108.7371826171875,625.8740844726562
r_1775563550_691603986,1340,1114.2437744140625,598.400634765625
r_1775563550_691603986,1341,1142.566162109375,603.7003784179688
r_1775563550_691603986,1342,1138.2076416015625,629.8176879882812
r_1775563550_691603986,1343,1110.16259765625,623.6240844726562
r_1775563550_691603986,1280,796.3762817382812,393.8282775878906
r_1775563550_691603986,1281,813.6865844726562,393.0179138183594
r_1775563550_691603986,1282,813.64501953125,409.5028076171875
r_1775563550_691603986,1283,796.178466796875,410.2768859863281
r_1775563550_691603986,1300,709.74560546875,542.5267944335938
r_1775563550_691603986,1301,724.893310546875,543.4784545898438
r_1775563550_691603986,1302,724.43359375,559.0430908203125
r_1775563550_691603986,1303,709.4465942382812,558.1536865234375
r_1775563550_691603986,1190,913.1077880859375,470.0241394042969
r_1775563550_691603986,1191,933.3046875,469.7665100097656
r_1775563550_691603986,1192,933.5388793945312,487.5237121582031
r_1775563550_691603986,1193,913.4108276367188,487.5248107910156
r_1775563550_691603986,1180,183.42105102539062,345.9384765625
r_1775563550_691603986,1181,214.9219207763672,351.5275573730469
r_1775563550_691603986,1182,216.58279418945312,379.604736328125
r_1775563550_691603986,1183,185.08999633789062,375.412109375
r_1775563550_791238427,1190,903.2152099609375,473.6329040527344
r_1775563550_791238427,1191,923.0792846679688,473.595703125
r_1775563550_791238427,1192,923.3512573242188,491.3283386230469
r_1775563550_791238427,1193,903.35107421875,491.09637451171875
r_1775563550_791238427,1280,787.336669921875,397.3286437988281
r_1775563550_791238427,1281,804.5079345703125,396.4897155761719
r_1775563550_791238427,1282,804.505859375,412.8046875
r_1775563550_791238427,1283,787.3202514648438,413.641845703125
r_1775563550_791238427,1300,700.5170288085938,545.7041625976562
r_1775563550_791238427,1301,715.5557250976562,546.7861938476562
r_1775563550_791238427,1302,715.3786010742188,562.33154296875
r_1775563550_791238427,1303,700.4152221679688,561.5633544921875
r_1775563550_791238427,1180,164.6835174560547,344.6709899902344
r_1775563550_791238427,1181,197.33343505859375,350.8287658691406
r_1775563550_791238427,1182,198.94247436523438,379.3791809082031
r_1775563550_791238427,1183,165.96913146972656,374.7271423339844
r_1775563550_791238427,1340,1102.290283203125,602.2062377929688
r_1775563550_791238427,1341,1130.2794189453125,607.5548095703125
r_1775563550_791238427,1342,1126.2149658203125,633.5877685546875
r_1775563550_791238427,1343,1098.3863525390625,627.3966674804688
r_1775563550_791238427,1260,469.8355407714844,571.3863525390625
r_1775563550_791238427,1261,480.66162109375,568.0250244140625
r_1775563550_791238427,1262,481.28253173828125,583.1986083984375
r_1775563550_791238427,1263,470.14520263671875,587.1481323242188
r_1775563550_891277442,1190,900.8389282226562,475.9523010253906
r_1775563550_891277442,1191,920.7303466796875,475.8489074707031
r_1775563550_891277442,1192,921.1473388671875,493.6029357910156
r_1775563550_891277442,1193,900.9100952148438,493.3257141113281
r_1775563550_891277442,1280,785.1801147460938,398.50177001953125
r_1775563550_891277442,1281,802.4937744140625,397.70098876953125
r_1775563550_891277442,1282,802.4044189453125,414.25115966796875
r_1775563550_891277442,1283,784.8759765625,414.8891296386719
r_1775563550_891277442,1300,697.203125,547.3075561523438
r_1775563550_891277442,1301,712.3179321289062,548.2977294921875
r_1775563550_891277442,1302,711.9257202148438,563.868896484375
r_1775563550_891277442,1303,696.8470458984375,562.87548828125
r_1775563550_891277442,1220,621.4638671875,441.4555358886719
r_1775563550_891277442,1221,634.9290771484375,441.2418212890625
r_1775563550_891277442,1222,634.5958251953125,455.7867736816406
r_1775563550_891277442,1223,620.9240112304688,456.0600280761719
r_1775563550_891277442,1180,154.29104614257812,340.5165710449219
r_1775563550_891277442,1181,188.13063049316406,346.76300048828125
r_1775563550_891277442,1182,189.2809600830078,375.82196044921875
r_1775563550_891277442,1183,155.49220275878906,370.9298400878906
r_1775563550_891277442,1340,1100.50732421875,606.2744750976562
r_1775563550_891277442,1341,1128.704833984375,611.791259765625
r_1775563550_891277442,1342,1124.3763427734375,637.884033203125
r_1775563550_891277442,1343,1096.2099609375,631.3737182617188
r_1775563550_891277442,1260,464.615478515625,571.8465576171875
r_1775563550_891277442,1261,475.3977966308594,568.5425415039062
r_1775563550_891277442,1262,475.4240417480469,584.0303344726562
r_1775563550_891277442,1263,464.7853088378906,587.6810302734375
r_1775563550_991020306,1190,896.3345947265625,472.6521911621094
r_1775563550_991020306,1191,916.0948486328125,472.7366638183594
r_1775563550_991020306,1192,916.2083129882812,490.6398010253906
r_1775563550_991020306,1193,896.204833984375,490.2601318359375
r_1775563550_991020306,1280,781.1044921875,394.1746520996094
r_1775563550_991020306,1281,798.4969482421875,393.52679443359375
r_1775563550_991020306,1282,798.0565795898438,410.0390930175781
r_1775563550_991020306,1283,780.6827392578125,410.58514404296875
r_1775563550_991020306,1300,691.605712890625,543.28173828125
r_1775563550_991020306,1301,706.7450561523438,544.2736206054688
r_1775563550_991020306,1302,706.2986450195312,559.9098510742188
r_1775563550_991020306,1303,691.0614013671875,558.825439453125
r_1775563550_991020306,1220,616.2958374023438,436.126708984375
r_1775563550_991020306,1221,629.7826538085938,435.993408203125
r_1775563550_991020306,1222,629.3751220703125,450.8358459472656
r_1775563550_991020306,1223,615.5738525390625,451.0962219238281
r_1775563550_991020306,1260,456.9862976074219,566.667236328125
r_1775563550_991020306,1261,467.9424133300781,563.4849853515625
r_1775563550_991020306,1262,468.5203552246094,578.8883056640625
r_1775563550_991020306,1263,457.2087097167969,582.6773071289062
r_1775563550_991020306,1340,1094.5472412109375,604.1829833984375
r_1775563550_991020306,1341,1122.806640625,610.002685546875
r_1775563550_991020306,1342,1118.216796875,636.2006225585938
r_1775563550_991020306,1343,1090.316650390625,629.4429931640625
r_1775563550_991020306,1180,138.015869140625,328.8539733886719
r_1775563550_991020306,1181,173.0247802734375,335.85345458984375
r_1775563550_991020306,1182,174.4344482421875,365.6842346191406
r_1775563550_991020306,1183,138.99281311035156,360.2416076660156
r_1775563551_091425607,1340,1093.9776611328125,605.5112915039062
r_1775563551_091425607,1341,1122.666748046875,611.3141479492188
r_1775563551_091425607,1342,1118.0242919921875,637.63525390625
r_1775563551_091425607,1343,1089.5872802734375,630.7476196289062
r_1775563551_091425607,1190,894.1846923828125,472.9027099609375
r_1775563551_091425607,1191,914.1880493164062,473.1150207519531
r_1775563551_091425607,1192,914.158935546875,491.09527587890625
r_1775563551_091425607,1193,893.9652709960938,490.630126953125
r_1775563551_091425607,1280,778.3807983398438,393.7091979980469
r_1775563551_091425607,1281,796.0195922851562,393.2852783203125
r_1775563551_091425607,1282,795.5005493164062,409.8255310058594
r_1775563551_091425607,1283,778.1983642578125,410.3940124511719
r_1775563551_091425607,1220,612.6148681640625,435.93792724609375
r_1775563551_091425607,1221,626.3938598632812,435.80670166015625
r_1775563551_091425607,1222,625.7465209960938,450.81036376953125
r_1775563551_091425607,1223,611.76123046875,450.9972229003906
r_1775563551_091425607,1300,688.361083984375,543.760009765625
r_1775563551_091425607,1301,703.5164184570312,544.8855590820312
r_1775563551_091425607,1302,703.1456298828125,560.5179443359375
r_1775563551_091425607,1303,687.8421020507812,559.5208740234375
r_1775563551_091425607,1180,124.01690673828125,325.3638610839844
r_1775563551_091425607,1181,160.45814514160156,332.5790100097656
r_1775563551_091425607,1182,161.83580017089844,363.04217529296875
r_1775563551_091425607,1183,125.16416931152344,357.3969421386719
r_1775563551_091425607,1260,451.88458251953125,567.3698120117188
r_1775563551_091425607,1261,462.6790771484375,564.3186645507812
r_1775563551_091425607,1262,463.4044494628906,580.0773315429688
r_1775563551_091425607,1263,451.62139892578125,583.7098999023438
r_1775563551_191453776,1340,1105.6243896484375,612.8680419921875
r_1775563551_191453776,1341,1135.198486328125,619.0474853515625
r_1775563551_191453776,1342,1130.5435791015625,646.052734375
r_1775563551_191453776,1343,1101.3897705078125,638.6626586914062
r_1775563551_191453776,1190,900.2525634765625,476.9689636230469
r_1775563551_191453776,1191,920.7310791015625,477.25701904296875
r_1775563551_191453776,1192,920.5950317382812,495.379150390625
r_1775563551_191453776,1193,900.1724243164062,494.8921203613281
r_1775563551_191453776,1280,783.1358642578125,396.564697265625
r_1775563551_191453776,1281,800.818115234375,396.23016357421875
r_1775563551_191453776,1282,800.4728393554688,413.1210021972656
r_1775563551_191453776,1283,782.8255004882812,413.38330078125
r_1775563551_191453776,1300,691.6318969726562,547.6771240234375
r_1775563551_191453776,1301,707.0951538085938,548.8941040039062
r_1775563551_191453776,1302,706.5154418945312,564.8123168945312
r_1775563551_191453776,1303,691.0612182617188,563.6111450195312
r_1775563551_191453776,1180,122.49752044677734,324.87005615234375
r_1775563551_191453776,1181,159.51744079589844,332.5240783691406
r_1775563551_191453776,1182,160.46995544433594,363.2938537597656
r_1775563551_191453776,1183,123.45931243896484,357.3238220214844
r_1775563551_191453776,1260,452.86676025390625,570.6776733398438
r_1775563551_191453776,1261,464.1595458984375,567.3717651367188
r_1775563551_191453776,1262,464.2290344238281,583.4122924804688
r_1775563551_191453776,1263,453.0595703125,587.1348266601562
r_1775563551_291567514,1340,1120.1280517578125,618.012939453125
r_1775563551_291567514,1341,1150.6649169921875,624.5999755859375
r_1775563551_291567514,1342,1145.9176025390625,652.220703125
r_1775563551_291567514,1343,1115.4056396484375,644.4406127929688
r_1775563551_291567514,1190,908.5569458007812,478.3785095214844
r_1775563551_291567514,1191,929.4295043945312,478.4929504394531
r_1775563551_291567514,1192,929.4719848632812,497.0466003417969
r_1775563551_291567514,1193,908.4846801757812,496.4484558105469
r_1775563551_291567514,1280,789.7312622070312,396.5699462890625
r_1775563551_291567514,1281,807.874755859375,396.04248046875
r_1775563551_291567514,1282,807.360595703125,413.1977233886719
r_1775563551_291567514,1283,789.3616943359375,413.55145263671875
r_1775563551_291567514,1220,620.296630859375,438.65814208984375
r_1775563551_291567514,1221,633.9580078125,438.5796203613281
r_1775563551_291567514,1222,633.5235595703125,453.7431640625
r_1775563551_291567514,1223,619.5139770507812,453.7900390625
r_1775563551_291567514,1180,122.42278289794922,321.79705810546875
r_1775563551_291567514,1181,160.05401611328125,329.5734558105469
r_1775563551_291567514,1182,160.8983612060547,360.5299377441406
r_1775563551_291567514,1183,123.28572845458984,354.36669921875
r_1775563551_291567514,1300,696.5218505859375,548.8099975585938
r_1775563551_291567514,1301,712.2051391601562,550.1139526367188
r_1775563551_291567514,1302,711.5715942382812,566.3322143554688
r_1775563551_291567514,1303,696.0043334960938,565.0029907226562
r_1775563551_291567514,1260,455.8807678222656,570.732666015625
r_1775563551_291567514,1261,467.1769104003906,567.6405029296875
r_1775563551_291567514,1262,467.53759765625,583.5435180664062
r_1775563551_291567514,1263,455.60028076171875,587.3968505859375
r_1775563551_391450424,1190,904.2315673828125,472.8948974609375
r_1775563551_391450424,1191,925.0104370117188,473.2912902832031
r_1775563551_391450424,1192,924.9071655273438,491.8316955566406
r_1775563551_391450424,1193,904.0188598632812,491.2178039550781
r_1775563551_391450424,1280,785.4028930664062,390.74407958984375
r_1775563551_391450424,1281,803.4398803710938,390.2430114746094
r_1775563551_391450424,1282,802.8690795898438,407.48516845703125
r_1775563551_391450424,1283,784.8687744140625,407.6708679199219
r_1775563551_391450424,1300,691.483154296875,544.0476684570312
r_1775563551_391450424,1301,707.1369018554688,545.2626342773438
r_1775563551_391450424,1302,706.414306640625,561.5054931640625
r_1775563551_391450424,1303,690.6800537109375,560.2149658203125
r_1775563551_391450424,1220,614.5224609375,433.09869384765625
r_1775563551_391450424,1221,628.614013671875,433.119873046875
r_1775563551_391450424,1222,627.9530639648438,448.3005676269531
r_1775563551_391450424,1223,613.8549194335938,448.4241943359375
r_1775563551_391450424,1260,448.76544189453125,566.6896362304688
r_1775563551_391450424,1261,460.220703125,563.3790893554688
r_1775563551_391450424,1262,460.4297180175781,579.5405883789062
r_1775563551_391450424,1263,448.60137939453125,583.3562622070312
r_1775563551_391450424,1180,102.5528335571289,312.7398986816406
r_1775563551_391450424,1181,141.90769958496094,320.848876953125
r_1775563551_391450424,1182,143.1625518798828,352.7716064453125
r_1775563551_391450424,1183,103.54369354248047,346.3112487792969
r_1775563551_391450424,1340,1115.5140380859375,612.9661254882812
r_1775563551_391450424,1341,1146.0574951171875,619.5679321289062
r_1775563551_391450424,1342,1141.197509765625,647.2557983398438
r_1775563551_391450424,1343,1110.583984375,639.3599853515625
r_1775563551_491256309,1280,790.77783203125,389.5931091308594
r_1775563551_491256309,1281,809.115966796875,389.0450439453125
r_1775563551_491256309,1282,808.5860595703125,406.54229736328125
r_1775563551_491256309,1283,790.224609375,406.80377197265625
r_1775563551_491256309,1300,695.7769165039062,544.3818359375
r_1775563551_491256309,1301,711.509765625,545.6130981445312
r_1775563551_491256309,1302,710.9988403320312,562.0322875976562
r_1775563551_491256309,1303,695.0426025390625,560.5880737304688
r_1775563551_491256309,1260,451.5382995605469,567.0614624023438
r_1775563551_491256309,1261,462.949951171875,563.6981811523438
r_1775563551_491256309,1262,463.29058837890625,579.990234375
r_1775563551_491256309,1263,451.2664489746094,583.78515625
r_1775563551_491256309,1190,911.3305053710938,472.6300048828125
r_1775563551_491256309,1191,932.6992797851562,472.91680908203125
r_1775563551_491256309,1192,932.4508056640625,491.6680908203125
r_1775563551_491256309,1193,911.15478515625,491.1544494628906
r_1775563551_491256309,1340,1128.4346923828125,615.4805297851562
r_1775563551_491256309,1341,1160.0272216796875,622.281494140625
r_1775563551_491256309,1342,1154.9788818359375,650.3342895507812
r_1775563551_491256309,1343,1123.3673095703125,642.254150390625
r_1775563551_491256309,1180,100.97223663330078,311.5558166503906
r_1775563551_491256309,1181,140.95518493652344,319.8133239746094
r_1775563551_491256309,1182,142.05531311035156,352.0169982910156
r_1775563551_491256309,1183,102.20853424072266,345.42498779296875
r_1775563551_491256309,1220,618.3452758789062,432.58734130859375
r_1775563551_491256309,1221,632.4533081054688,432.43426513671875
r_1775563551_491256309,1222,631.7139282226562,447.8831481933594
r_1775563551_491256309,1223,617.5088500976562,448.01318359375
r_1775563551_591337453,1340,1124.947509765625,614.4329833984375
r_1775563551_591337453,1341,1156.8089599609375,621.4284057617188
r_1775563551_591337453,1342,1151.3677978515625,649.6111450195312
r_1775563551_591337453,1343,1119.759765625,641.265380859375
r_1775563551_591337453,1190,908.1329345703125,470.2994079589844
r_1775563551_591337453,1191,929.4344482421875,470.64410400390625
r_1775563551_591337453,1192,929.1763305664062,489.39404296875
r_1775563551_591337453,1193,907.8077392578125,488.7459716796875
r_1775563551_591337453,1280,787.7484741210938,386.1792297363281
r_1775563551_591337453,1281,806.0370483398438,385.77685546875
r_1775563551_591337453,1282,805.5640258789062,403.35540771484375
r_1775563551_591337453,1283,787.1299438476562,403.59124755859375
r_1775563551_591337453,1300,691.4962158203125,541.4309692382812
r_1775563551_591337453,1301,707.3231201171875,542.700439453125
r_1775563551_591337453,1302,706.5729370117188,559.2998657226562
r_1775563551_591337453,1303,690.7196044921875,557.9356689453125
r_1775563551_591337453,1260,445.1473083496094,563.6593017578125
r_1775563551_591337453,1261,456.7889709472656,560.4661254882812
r_1775563551_591337453,1262,457.23077392578125,576.704833984375
r_1775563551_591337453,1263,444.9156494140625,580.7078247070312
r_1775563551_591337453,1180,84.1877212524414,302.31512451171875
r_1775563551_591337453,1181,125.40019989013672,311.3400573730469
r_1775563551_591337453,1182,127.26911163330078,344.123779296875
r_1775563551_591337453,1183,85.54173278808594,337.0434265136719
r_1775563551_691715225,1340,1135.487548828125,617.1385498046875
r_1775563551_691715225,1341,1168.430908203125,624.4883422851562
r_1775563551_691715225,1342,1163.073974609375,653.0123291015625
r_1775563551_691715225,1343,1130.348388671875,644.367431640625
r_1775563551_691715225,1190,913.5255737304688,470.8192443847656
r_1775563551_691715225,1191,935.097412109375,471.3222351074219
r_1775563551_691715225,1192,934.7586669921875,490.21783447265625
r_1775563551_691715225,1193,913.3407592773438,489.5845642089844
r_1775563551_691715225,1280,791.5418090820312,386.1229248046875
r_1775563551_691715225,1281,810.0485229492188,385.6968078613281
r_1775563551_691715225,1282,809.6431884765625,403.3718566894531
r_1775563551_691715225,1283,790.8202514648438,403.59307861328125
r_1775563551_691715225,1300,694.5518798828125,542.70654296875
r_1775563551_691715225,1301,710.5321044921875,544.2468872070312
r_1775563551_691715225,1302,709.7496948242188,560.6365966796875
r_1775563551_691715225,1303,693.7923583984375,559.3411254882812
r_1775563551_691715225,1180,81.21343231201172,302.0693359375
r_1775563551_691715225,1181,123.48424530029297,310.8927001953125
r_1775563551_691715225,1182,124.81257629394531,344.1415710449219
r_1775563551_691715225,1183,82.52371978759766,337.3388977050781
r_1775563551_691715225,1260,446.7753601074219,565.1857299804688
r_1775563551_691715225,1261,458.4236145019531,561.7988891601562
r_1775563551_691715225,1262,458.4331970214844,578.46630859375
r_1775563551_691715225,1263,446.4979248046875,582.43994140625
r_1775563551_791286380,1180,67.14636993408203,300.8846435546875
r_1775563551_791286380,1181,110.27404022216797,310.2897644042969
r_1775563551_791286380,1182,112.1505355834961,344.2037048339844
r_1775563551_791286380,1183,68.12196350097656,336.7205810546875
r_1775563551_791286380,1280,788.8960571289062,388.3388671875
r_1775563551_791286380,1281,807.65869140625,387.7496337890625
r_1775563551_791286380,1282,807.1534423828125,405.5724182128906
r_1775563551_791286380,1283,788.3935546875,406.0142822265625
r_1775563551_791286380,1300,691.5698852539062,545.759033203125
r_1775563551_791286380,1301,707.587890625,547.2048950195312
r_1775563551_791286380,1302,707.06689453125,563.6907348632812
r_1775563551_791286380,1303,690.7513427734375,562.4615478515625
r_1775563551_791286380,1220,612.8673706054688,431.5351867675781
r_1775563551_791286380,1221,627.285400390625,431.4802551269531
r_1775563551_791286380,1222,626.6937255859375,447.2627258300781
r_1775563551_791286380,1223,612.0611572265625,447.2738952636719
r_1775563551_791286380,1340,1135.8096923828125,620.8692626953125
r_1775563551_791286380,1341,1168.9556884765625,628.2860717773438
r_1775563551_791286380,1342,1163.6131591796875,657.22705078125
r_1775563551_791286380,1343,1130.5858154296875,648.4013671875
r_1775563551_791286380,1190,911.4751586914062,473.4378662109375
r_1775563551_791286380,1191,933.0470581054688,473.8038330078125
r_1775563551_791286380,1192,932.899169921875,492.96002197265625
r_1775563551_791286380,1193,911.1961059570312,492.3059997558594
r_1775563551_791286380,1260,440.9751281738281,568.786376953125
r_1775563551_791286380,1261,453.2178039550781,565.3836669921875
r_1775563551_791286380,1262,453.2779541015625,582.1414794921875
r_1775563551_791286380,1263,441.20111083984375,586.200439453125
r_1775563551_891524608,1181,103.39521026611328,308.7119140625
r_1775563551_891524608,1182,105.34088897705078,343.0126647949219
r_1775563551_891524608,1190,915.3936157226562,472.5762634277344
r_1775563551_891524608,1191,937.332275390625,472.94317626953125
r_1775563551_891524608,1192,937.044921875,492.29486083984375
r_1775563551_891524608,1193,915.2355346679688,491.63568115234375
r_1775563551_891524608,1280,791.3305053710938,387.0913391113281
r_1775563551_891524608,1281,810.2290649414062,386.4985046386719
r_1775563551_891524608,1282,809.7321166992188,404.4263610839844
r_1775563551_891524608,1301,709.633544921875,547.4768676757812
r_1775563551_891524608,1302,708.7777099609375,564.220947265625
r_1775563551_891524608,1303,692.6982421875,562.8983764648438
r_1775563551_891524608,1220,613.7037963867188,431.1645812988281
r_1775563551_891524608,1221,628.2193603515625,431.1357116699219
r_1775563551_891524608,1222,627.5418090820312,446.90179443359375
r_1775563551_891524608,1223,612.9458618164062,447.08184814453125
r_1775563551_891524608,1340,1144.8995361328125,621.4122924804688
r_1775563551_891524608,1341,1179.1177978515625,628.824951171875
r_1775563551_891524608,1342,1173.8526611328125,658.3428344726562
r_1775563551_891524608,1343,1139.7833251953125,649.3738403320312
r_1775563551_891524608,1260,440.9521179199219,569.7659912109375
r_1775563551_891524608,1261,453.2149353027344,566.434814453125
r_1775563551_891524608,1262,453.1700744628906,583.2950439453125
r_1775563551_891524608,1263,440.9396057128906,587.2457275390625
r_1775563551_991459234,1340,1145.2576904296875,620.2925415039062
r_1775563551_991459234,1341,1179.8428955078125,627.7655639648438
r_1775563551_991459234,1342,1175.037353515625,657.3154907226562
r_1775563551_991459234,1343,1140.4603271484375,648.4739990234375
r_1775563551_991459234,1300,690.0665893554688,547.3063354492188
r_1775563551_991459234,1301,706.490966796875,548.4376220703125
r_1775563551_991459234,1302,705.8516235351562,565.3598022460938
r_1775563551_991459234,1303,689.5780029296875,564.0198974609375
r_1775563551_991459234,1280,787.7944946289062,386.58868408203125
r_1775563551_991459234,1281,806.6103515625,386.11175537109375
r_1775563551_991459234,1282,806.3584594726562,404.0276794433594
r_1775563551_991459234,1283,787.3665161132812,404.45355224609375
r_1775563551_991459234,1190,912.6323852539062,472.06488037109375
r_1775563551_991459234,1191,934.5718994140625,472.2337341308594
r_1775563551_991459234,1192,934.5512084960938,491.5577087402344
r_1775563551_991459234,1193,912.7238159179688,490.98834228515625
r_1775563551_991459234,1220,609.3515014648438,431.6824645996094
r_1775563551_991459234,1221,623.8246459960938,431.6428527832031
r_1775563551_991459234,1222,623.3956298828125,447.56048583984375
r_1775563551_991459234,1223,608.4804077148438,447.7649841308594
r_1775563551_991459234,1260,435.4024963378906,572.9127807617188
r_1775563551_991459234,1261,447.48785400390625,569.2732543945312
r_1775563551_991459234,1262,448.1694641113281,586.4496459960938
r_1775563551_991459234,1263,435.2322082519531,590.8505249023438
r_1775563552_091402065,1190,910.1923828125,472.28204345703125
r_1775563552_091402065,1191,932.0892944335938,472.3047180175781
r_1775563552_091402065,1192,932.3220825195312,491.74365234375
r_1775563552_091402065,1193,910.3426513671875,491.3374328613281
r_1775563552_091402065,1280,784.35986328125,387.02911376953125
r_1775563552_091402065,1281,803.372802734375,386.4278259277344
r_1775563552_091402065,1282,802.940185546875,404.4659423828125
r_1775563552_091402065,1283,784.0859375,404.8648986816406
r_1775563552_091402065,1300,686.9276123046875,549.1498413085938
r_1775563552_091402065,1301,703.5364379882812,550.3347778320312
r_1775563552_091402065,1302,703.08203125,567.337646484375
r_1775563552_091402065,1303,686.5494995117188,566.2364501953125
r_1775563552_091402065,1340,1146.019287109375,620.0948486328125
r_1775563552_091402065,1341,1181.044921875,627.2479858398438
r_1775563552_091402065,1342,1176.437744140625,657.0785522460938
r_1775563552_091402065,1343,1141.5091552734375,648.3604125976562
r_1775563552_091402065,1220,604.8514404296875,433.3133239746094
r_1775563552_091402065,1221,619.700927734375,433.16180419921875
r_1775563552_091402065,1222,619.1771240234375,449.17755126953125
r_1775563552_091402065,1223,604.2780151367188,449.30328369140625
r_1775563552_091402065,1260,429.7646789550781,576.6740112304688
r_1775563552_091402065,1261,441.9307861328125,573.142333984375
r_1775563552_091402065,1262,442.2118835449219,590.7184448242188
r_1775563552_091402065,1263,429.6272888183594,595.0679931640625
r_1775563552_190941166,1280,774.3125,383.3011169433594
r_1775563552_190941166,1281,793.3604125976562,382.4501037597656
r_1775563552_190941166,1282,793.0490112304688,400.73931884765625
r_1775563552_190941166,1283,774.0568237304688,401.245849609375
r_1775563552_190941166,1300,677.085693359375,546.1939697265625
r_1775563552_190941166,1301,693.5139770507812,547.2952880859375
r_1775563552_190941166,1302,693.1665649414062,564.2828369140625
r_1775563552_190941166,1303,676.5187377929688,563.2449340820312
r_1775563552_190941166,1190,899.3926391601562,468.50543212890625
r_1775563552_190941166,1191,921.000732421875,468.61309814453125
r_1775563552_190941166,1192,921.3114013671875,487.90545654296875
r_1775563552_190941166,1193,899.5400390625,487.60101318359375
r_1775563552_190941166,1220,594.1672973632812,429.6831970214844
r_1775563552_190941166,1221,608.907470703125,429.5908203125
r_1775563552_190941166,1222,608.5377807617188,445.62713623046875
r_1775563552_190941166,1223,593.5621337890625,445.89080810546875
r_1775563552_190941166,1260,416.60528564453125,575.4635620117188
r_1775563552_190941166,1261,429.1787414550781,571.5984497070312
r_1775563552_190941166,1262,429.5450439453125,589.3742065429688
r_1775563552_190941166,1263,416.5926818847656,593.8729248046875
r_1775563552_190941166,1340,1132.6741943359375,614.7651977539062
r_1775563552_190941166,1341,1167.1043701171875,621.7498168945312
r_1775563552_190941166,1342,1162.5386962890625,651.4248046875
r_1775563552_190941166,1343,1128.1566162109375,642.9845581054688
r_1775563552_291461274,1340,1116.2647705078125,613.4249267578125
r_1775563552_291461274,1341,1150.073974609375,620.3644409179688
r_1775563552_291461274,1342,1145.5498046875,649.5196533203125
r_1775563552_291461274,1343,1111.835205078125,641.3504638671875
r_1775563552_291461274,1190,886.62548828125,467.9288024902344
r_1775563552_291461274,1191,907.9686889648438,468.0676574707031
r_1775563552_291461274,1192,908.1368408203125,487.4032897949219
r_1775563552_291461274,1193,886.7654418945312,486.9522399902344
r_1775563552_291461274,1280,762.8336791992188,382.17218017578125
r_1775563552_291461274,1281,781.7186279296875,381.6041259765625
r_1775563552_291461274,1282,781.5134887695312,399.81610107421875
r_1775563552_291461274,1283,762.4969482421875,400.2408142089844
r_1775563552_291461274,1220,581.8172607421875,428.22576904296875
r_1775563552_291461274,1221,596.8023681640625,428.1846008300781
r_1775563552_291461274,1222,596.4609985351562,444.4251403808594
r_1775563552_291461274,1223,581.2000732421875,444.51873779296875
r_1775563552_291461274,1300,665.1434936523438,545.55224609375
r_1775563552_291461274,1301,681.7041625976562,546.608642578125
r_1775563552_291461274,1302,681.1741943359375,563.6519165039062
r_1775563552_291461274,1303,664.6820678710938,562.607177734375
r_1775563552_291461274,1260,400.76593017578125,575.873291015625
r_1775563552_291461274,1261,413.67919921875,571.7935180664062
r_1775563552_291461274,1262,413.8040466308594,589.9251708984375
r_1775563552_291461274,1263,401.206787109375,594.503173828125
r_1775563552_391636888,1280,755.7385864257812,375.5806884765625
r_1775563552_391636888,1281,774.648681640625,375.27239990234375
r_1775563552_391636888,1282,774.2853393554688,393.480224609375
r_1775563552_391636888,1283,755.2024536132812,393.8492126464844
r_1775563552_391636888,1300,656.6304321289062,539.4755859375
r_1775563552_391636888,1301,673.236083984375,540.5614624023438
r_1775563552_391636888,1302,672.4723510742188,557.7312622070312
r_1775563552_391636888,1303,655.9628295898438,556.6746826171875
r_1775563552_391636888,1220,573.1699829101562,420.791748046875
r_1775563552_391636888,1221,588.4188232421875,420.9179382324219
r_1775563552_391636888,1222,587.7998046875,437.3299255371094
r_1775563552_391636888,1223,572.518310546875,437.4004211425781
r_1775563552_391636888,1190,878.6781616210938,462.677734375
r_1775563552_391636888,1191,899.933349609375,462.84197998046875
r_1775563552_391636888,1192,899.8561401367188,482.1565856933594
r_1775563552_391636888,1193,878.6890869140625,481.68359375
r_1775563552_391636888,1340,1105.286376953125,608.5296630859375
r_1775563552_391636888,1341,1138.8585205078125,615.6537475585938
r_1775563552_391636888,1342,1133.8428955078125,644.5980224609375
r_1775563552_391636888,1343,1100.6053466796875,636.3071899414062
r_1775563552_391636888,1260,389.3717346191406,569.1421508789062
r_1775563552_391636888,1261,402.2298583984375,565.5785522460938
r_1775563552_391636888,1262,402.48614501953125,583.5086059570312
r_1775563552_391636888,1263,389.22772216796875,588.4992065429688
r_1775563552_491519153,1340,1100.4241943359375,609.1986694335938
r_1775563552_491519153,1341,1133.8094482421875,616.1294555664062
r_1775563552_491519153,1342,1129.0272216796875,645.2662963867188
r_1775563552_491519153,1343,1095.72998046875,636.9630126953125
r_1775563552_491519153,1190,873.516357421875,462.73419189453125
r_1775563552_491519153,1191,894.7420654296875,463.0089416503906
r_1775563552_491519153,1192,894.679931640625,482.2954406738281
r_1775563552_491519153,1193,873.4341430664062,481.7141418457031
r_1775563552_491519153,1280,750.4783935546875,375.20489501953125
r_1775563552_491519153,1281,769.573974609375,374.6902770996094
r_1775563552_491519153,1282,768.9661865234375,393.2059326171875
r_1775563552_491519153,1283,749.9617919921875,393.4341125488281
r_1775563552_491519153,1300,650.7940673828125,539.7678833007812
r_1775563552_491519153,1301,667.5858764648438,540.8845825195312
r_1775563552_491519153,1302,666.7471313476562,558.1743774414062
r_1775563552_491519153,1303,650.1710205078125,557.2190551757812
r_1775563552_491519153,1220,566.7156982421875,420.2482604980469
r_1775563552_491519153,1221,582.2427978515625,420.3927917480469
r_1775563552_491519153,1222,581.497314453125,436.8023986816406
r_1775563552_491519153,1223,566.185546875,436.8677062988281
r_1775563552_491519153,1260,379.9294128417969,570.4689331054688
r_1775563552_491519153,1261,393.3942565917969,566.3309936523438
r_1775563552_491519153,1262,393.5191650390625,584.90283203125
r_1775563552_491519153,1263,380.0001525878906,589.6588134765625
r_1775563552_591573374,1340,1091.4720458984375,612.3043823242188
r_1775563552_591573374,1341,1124.6854248046875,619.24609375
r_1775563552_591573374,1342,1120.0518798828125,648.457763671875
r_1775563552_591573374,1343,1086.9337158203125,640.1127319335938
r_1775563552_591573374,1190,865.1257934570312,465.5037536621094
r_1775563552_591573374,1191,886.2351684570312,465.78729248046875
r_1775563552_591573374,1192,886.269287109375,485.2419128417969
r_1775563552_591573374,1193,865.0581665039062,484.5416259765625
r_1775563552_591573374,1280,742.5372314453125,377.3498229980469
r_1775563552_591573374,1281,761.4904174804688,377.1515197753906
r_1775563552_591573374,1282,761.06201171875,395.49383544921875
r_1775563552_591573374,1283,741.9241333007812,395.8452453613281
r_1775563552_591573374,1300,642.2454223632812,542.6625366210938
r_1775563552_591573374,1301,659.1473999023438,543.8012084960938
r_1775563552_591573374,1302,658.4252319335938,561.3567504882812
r_1775563552_591573374,1303,641.6300659179688,560.2669677734375
r_1775563552_591573374,1220,557.6754760742188,422.08380126953125
r_1775563552_591573374,1221,573.2322387695312,422.282958984375
r_1775563552_591573374,1222,572.5999755859375,438.8191833496094
r_1775563552_591573374,1223,556.82861328125,438.84765625
r_1775563552_591573374,1260,367.3098449707031,574.052978515625
r_1775563552_591573374,1261,380.8294677734375,569.6961669921875
r_1775563552_591573374,1262,381.1134338378906,588.7765502929688
r_1775563552_591573374,1263,367.2530822753906,593.7813110351562
r_1775563552_691513445,1280,740.3768920898438,376.6470642089844
r_1775563552_691513445,1281,759.557861328125,376.44195556640625
r_1775563552_691513445,1282,758.8825073242188,394.8788146972656
r_1775563552_691513445,1283,739.7625122070312,395.08087158203125
r_1775563552_691513445,1300,638.4996337890625,542.7713623046875
r_1775563552_691513445,1301,655.5098266601562,543.9635620117188
r_1775563552_691513445,1302,654.7919921875,561.5946044921875
r_1775563552_691513445,1303,637.8604125976562,560.4703979492188
r_1775563552_691513445,1220,553.7533569335938,420.6998291015625
r_1775563552_691513445,1221,569.4664916992188,420.8811340332031
r_1775563552_691513445,1222,568.8231201171875,437.8060607910156
r_1775563552_691513445,1223,552.8272094726562,437.69171142578125
r_1775563552_691513445,1340,1090.990234375,614.8936157226562
r_1775563552_691513445,1341,1124.7705078125,622.1661987304688
r_1775563552_691513445,1342,1119.9305419921875,651.4963989257812
r_1775563552_691513445,1343,1086.453125,642.8624877929688
r_1775563552_691513445,1260,359.955810546875,573.5950317382812
r_1775563552_691513445,1261,374.0235290527344,569.513916015625
r_1775563552_691513445,1262,374.16766357421875,588.5394287109375
r_1775563552_691513445,1263,360.0337829589844,593.7152709960938
r_1775563552_691513445,1190,863.2652587890625,465.9199523925781
r_1775563552_691513445,1191,884.4366455078125,466.4029846191406
r_1775563552_691513445,1192,884.34521484375,485.7970886230469
r_1775563552_691513445,1193,863.2119140625,485.13848876953125
r_1775563552_791270075,1280,740.615478515625,375.78887939453125
r_1775563552_791270075,1281,759.9848022460938,375.6387634277344
r_1775563552_791270075,1282,759.2359619140625,394.5183410644531
r_1775563552_791270075,1283,739.8516235351562,394.47369384765625
r_1775563552_791270075,1220,551.7372436523438,418.8153076171875
r_1775563552_791270075,1221,567.7271728515625,419.1885070800781
r_1775563552_791270075,1222,566.9359130859375,436.1256408691406
r_1775563552_791270075,1223,550.9995727539062,435.8441467285156
r_1775563552_791270075,1190,863.70458984375,467.00555419921875
r_1775563552_791270075,1191,885.2071533203125,467.60040283203125
r_1775563552_791270075,1192,884.830322265625,487.1629943847656
r_1775563552_791270075,1193,863.5523681640625,486.4063720703125
r_1775563552_791270075,1300,636.438720703125,542.6611938476562
r_1775563552_791270075,1301,653.64404296875,543.9918212890625
r_1775563552_791270075,1302,652.6860961914062,561.7371215820312
r_1775563552_791270075,1303,635.6055297851562,560.5679931640625
r_1775563552_791270075,1340,1093.766357421875,619.3721313476562
r_1775563552_791270075,1341,1128.2384033203125,627.1493530273438
r_1775563552_791270075,1342,1123.0648193359375,656.7587890625
r_1775563552_791270075,1343,1088.79443359375,647.682861328125
r_1775563552_791270075,1260,354.43511962890625,571.5742797851562
r_1775563552_791270075,1261,368.6756286621094,567.5097045898438
r_1775563552_791270075,1262,368.56353759765625,586.9634399414062
r_1775563552_791270075,1263,354.0762634277344,592.0713500976562
r_1775563552_891260718,1190,868.3297729492188,473.3110656738281
r_1775563552_891260718,1191,889.9757690429688,474.1353454589844
r_1775563552_891260718,1192,889.6302490234375,493.7539978027344
r_1775563552_891260718,1193,867.9036865234375,492.7989196777344
r_1775563552_891260718,1280,744.0807495117188,380.38934326171875
r_1775563552_891260718,1281,763.6489868164062,380.477783203125
r_1775563552_891260718,1282,762.8502807617188,399.2651672363281
r_1775563552_891260718,1283,743.3002319335938,399.1700134277344
r_1775563552_891260718,1300,637.6279907226562,547.760498046875
r_1775563552_891260718,1301,655.0451049804688,549.3644409179688
r_1775563552_891260718,1302,653.840576171875,567.403076171875
r_1775563552_891260718,1303,636.5453491210938,565.9391479492188
r_1775563552_891260718,1220,553.4385375976562,422.2121276855469
r_1775563552_891260718,1221,569.4108276367188,422.54522705078125
r_1775563552_891260718,1222,568.3574829101562,439.69781494140625
r_1775563552_891260718,1223,552.2566528320312,439.3577880859375
r_1775563552_891260718,1340,1103.710205078125,630.64404296875
r_1775563552_891260718,1341,1139.100830078125,638.8204345703125
r_1775563552_891260718,1342,1133.8656005859375,669.0722045898438
r_1775563552_891260718,1343,1098.538330078125,659.4295043945312
r_1775563552_891260718,1260,352.0256652832031,574.7974243164062
r_1775563552_891260718,1261,366.67462158203125,570.8599853515625
r_1775563552_891260718,1262,366.46014404296875,590.261962890625
r_1775563552_891260718,1263,351.6733703613281,595.4503173828125
r_1775563552_991325399,1190,866.2896118164062,472.1781921386719
r_1775563552_991325399,1191,888.20263671875,472.811767578125
r_1775563552_991325399,1192,887.65771484375,492.75689697265625
r_1775563552_991325399,1193,865.8909301757812,491.7737731933594
r_1775563552_991325399,1280,741.7264404296875,377.7842712402344
r_1775563552_991325399,1281,761.412841796875,378.00830078125
r_1775563552_991325399,1282,760.5839233398438,397.1585388183594
r_1775563552_991325399,1283,740.747314453125,396.7220764160156
r_1775563552_991325399,1300,633.7083740234375,546.6680297851562
r_1775563552_991325399,1301,651.3311157226562,548.1622314453125
r_1775563552_991325399,1302,650.023681640625,566.2371215820312
r_1775563552_991325399,1303,632.6626586914062,564.7612915039062
r_1775563552_991325399,1220,548.7720947265625,419.51654052734375
r_1775563552_991325399,1221,565.205810546875,419.9585876464844
r_1775563552_991325399,1222,564.1420288085938,437.3218078613281
r_1775563552_991325399,1223,547.8291625976562,436.8054504394531
r_1775563552_991325399,1340,1103.4903564453125,631.4981079101562
r_1775563552_991325399,1341,1139.28515625,639.9451904296875
r_1775563552_991325399,1342,1133.87744140625,670.5238037109375
r_1775563552_991325399,1343,1098.172607421875,660.5806274414062
r_1775563552_991325399,1260,344.2431945800781,573.4374389648438
r_1775563552_991325399,1261,359.1941833496094,569.27978515625
r_1775563552_991325399,1262,358.56890869140625,589.5238647460938
r_1775563552_991325399,1263,343.57220458984375,594.5362548828125
r_1775563553_091355850,1190,874.1511840820312,470.6368713378906
r_1775563553_091355850,1191,896.4087524414062,471.5673522949219
r_1775563553_091355850,1192,895.9581909179688,491.7008361816406
r_1775563553_091355850,1193,873.8102416992188,490.6661376953125
r_1775563553_091355850,1280,747.0589599609375,376.11700439453125
r_1775563553_091355850,1281,766.9779663085938,376.14727783203125
r_1775563553_091355850,1282,766.335205078125,395.4133605957031
r_1775563553_091355850,1283,746.0940551757812,395.4130859375
r_1775563553_091355850,1300,638.6061401367188,547.20263671875
r_1775563553_091355850,1301,656.2935791015625,548.6123046875
r_1775563553_091355850,1302,655.3810424804688,567.0338745117188
r_1775563553_091355850,1303,637.7894287109375,565.605712890625
r_1775563553_091355850,1220,552.5457763671875,419.4015808105469
r_1775563553_091355850,1221,568.8350830078125,419.7250061035156
r_1775563553_091355850,1222,567.8739624023438,437.3235168457031
r_1775563553_091355850,1223,551.5438842773438,436.9952087402344
r_1775563553_091355850,1340,1119.4605712890625,632.39599609375
r_1775563553_091355850,1341,1156.9400634765625,641.1903076171875
r_1775563553_091355850,1342,1151.5987548828125,672.3868408203125
r_1775563553_091355850,1343,1114.3404541015625,662.1239624023438
r_1775563553_091355850,1260,347.4216003417969,575.7698364257812
r_1775563553_091355850,1261,362.4737243652344,571.3704833984375
r_1775563553_091355850,1262,362.1468505859375,591.5974731445312
r_1775563553_091355850,1263,346.9532775878906,596.8594970703125
r_1775563553_191144770,1190,867.4797973632812,472.9734802246094
r_1775563553_191144770,1191,889.5945434570312,473.77935791015625
r_1775563553_191144770,1192,889.260986328125,494.2037048339844
r_1775563553_191144770,1193,867.1265869140625,492.8933410644531
r_1775563553_191144770,1280,740.8516845703125,376.8618469238281
r_1775563553_191144770,1281,760.8682250976562,377.22296142578125
r_1775563553_191144770,1282,759.934814453125,396.5895690917969
r_1775563553_191144770,1283,739.9230346679688,396.3275146484375
r_1775563553_191144770,1300,630.944091796875,548.5840454101562
r_1775563553_191144770,1301,648.6605834960938,550.2516479492188
r_1775563553_191144770,1302,647.5767211914062,568.5772094726562
r_1775563553_191144770,1303,629.8131103515625,567.1268920898438
r_1775563553_191144770,1220,544.5951538085938,419.1471862792969
r_1775563553_191144770,1221,561.200439453125,419.60980224609375
r_1775563553_191144770,1222,559.9905395507812,437.3187255859375
r_1775563553_191144770,1223,543.5195922851562,436.8609313964844
r_1775563553_191144770,1260,334.52978515625,576.5365600585938
r_1775563553_191144770,1261,350.06439208984375,572.0663452148438
r_1775563553_191144770,1262,349.5721435546875,592.681396484375
r_1775563553_191144770,1263,334.13818359375,597.9671020507812
r_1775563553_191144770,1340,1111.8626708984375,636.4965209960938
r_1775563553_191144770,1341,1149.345947265625,645.4601440429688
r_1775563553_191144770,1342,1143.824951171875,676.7017822265625
r_1775563553_191144770,1343,1106.5780029296875,666.2799682617188
r_1775563553_291085178,1340,1110.1893310546875,637.6935424804688
r_1775563553_291085178,1341,1147.684326171875,647.0352172851562
r_1775563553_291085178,1342,1141.993408203125,678.4077758789062
r_1775563553_291085178,1343,1104.5274658203125,667.54833984375
r_1775563553_291085178,1280,739.1094360351562,373.7597351074219
r_1775563553_291085178,1281,759.2759399414062,374.23199462890625
r_1775563553_291085178,1282,758.108642578125,393.77996826171875
r_1775563553_291085178,1283,737.8036499023438,393.38238525390625
r_1775563553_291085178,1300,627.025146484375,546.1685791015625
r_1775563553_291085178,1301,644.8598022460938,547.7885131835938
r_1775563553_291085178,1302,643.5503540039062,566.3124389648438
r_1775563553_291085178,1303,625.6766967773438,564.7438354492188
r_1775563553_291085178,1220,540.6533203125,414.9097595214844
r_1775563553_291085178,1221,557.4389038085938,415.5583801269531
r_1775563553_291085178,1222,556.2305908203125,433.4011535644531
r_1775563553_291085178,1223,539.4446411132812,432.84759521484375
r_1775563553_291085178,1190,865.428466796875,471.5511779785156
r_1775563553_291085178,1191,887.7481689453125,472.5522155761719
r_1775563553_291085178,1192,887.1119995117188,492.8009338378906
r_1775563553_291085178,1193,864.855224609375,491.6005859375
r_1775563553_291085178,1260,326.5464172363281,573.0137939453125
r_1775563553_291085178,1261,342.5751647949219,568.4920654296875
r_1775563553_291085178,1262,342.015869140625,589.453369140625
r_1775563553_291085178,1263,326.1828308105469,594.4590454101562
r_1775563553_390928567,1280,736.3734130859375,373.9197692871094
r_1775563553_390928567,1281,756.6812133789062,374.2926025390625
r_1775563553_390928567,1282,755.6023559570312,394.01507568359375
r_1775563553_390928567,1283,735.363525390625,393.59002685546875
r_1775563553_390928567,1300,623.9013061523438,547.6536865234375
r_1775563553_390928567,1301,641.97412109375,549.4601440429688
r_1775563553_390928567,1302,640.7417602539062,568.1651611328125
r_1775563553_390928567,1303,622.6620483398438,566.40234375
r_1775563553_390928567,1220,536.6201171875,415.6148376464844
r_1775563553_390928567,1221,553.4730834960938,416.2432556152344
r_1775563553_390928567,1222,552.2687377929688,434.208251953125
r_1775563553_390928567,1223,535.2667846679688,433.69482421875
r_1775563553_390928567,1340,1111.6492919921875,639.0502319335938
r_1775563553_390928567,1341,1149.6383056640625,648.4339599609375
r_1775563553_390928567,1342,1143.9697265625,680.0200805664062
r_1775563553_390928567,1343,1106.130615234375,669.1597900390625
r_1775563553_390928567,1190,863.7860717773438,471.9598388671875
r_1775563553_390928567,1191,886.0657348632812,472.9430236816406
r_1775563553_390928567,1192,885.6361694335938,493.34027099609375
r_1775563553_390928567,1193,863.257080078125,492.26165771484375
r_1775563553_390928567,1260,319.6257629394531,576.1749267578125
r_1775563553_390928567,1261,335.9966125488281,571.4639282226562
r_1775563553_390928567,1262,335.57806396484375,592.75390625
r_1775563553_390928567,1263,319.296630859375,597.8417358398438
r_1775563553_491287068,1190,857.9371337890625,470.50531005859375
r_1775563553_491287068,1191,880.2106323242188,471.2406005859375
r_1775563553_491287068,1192,880.107666015625,491.7616271972656
r_1775563553_491287068,1193,857.6599731445312,490.8026428222656
r_1775563553_491287068,1280,729.3329467773438,373.0001525878906
r_1775563553_491287068,1281,749.7601318359375,373.1725158691406
r_1775563553_491287068,1282,748.9605102539062,393.0895690917969
r_1775563553_491287068,1283,728.5289306640625,392.8271789550781
r_1775563553_491287068,1300,617.8548583984375,549.1329956054688
r_1775563553_491287068,1301,636.0411376953125,550.62890625
r_1775563553_491287068,1302,635.0826416015625,569.459228515625
r_1775563553_491287068,1303,616.81689453125,568.2075805664062
r_1775563553_491287068,1220,528.2694702148438,416.611572265625
r_1775563553_491287068,1221,545.2619018554688,417.10870361328125
r_1775563553_491287068,1222,544.3455810546875,435.22906494140625
r_1775563553_491287068,1223,527.1607055664062,434.87738037109375
r_1775563553_491287068,1340,1108.2264404296875,635.5919799804688
r_1775563553_491287068,1341,1146.4068603515625,644.5706787109375
r_1775563553_491287068,1342,1141.1995849609375,676.4191284179688
r_1775563553_491287068,1343,1102.9901123046875,665.9100341796875
r_1775563553_491287068,1260,308.3975524902344,581.5911865234375
r_1775563553_491287068,1261,325.30621337890625,576.7069091796875
r_1775563553_491287068,1262,324.8434753417969,598.2731323242188
r_1775563553_491287068,1263,307.9644470214844,604.0192260742188
r_1775563553_591632219,1190,854.3827514648438,466.3932800292969
r_1775563553_591632219,1191,876.6544799804688,467.1279296875
r_1775563553_591632219,1192,876.5971069335938,487.5423583984375
r_1775563553_591632219,1193,854.1136474609375,486.7615966796875
r_1775563553_591632219,1280,724.3201293945312,369.4334716796875
r_1775563553_591632219,1281,744.955810546875,369.3438720703125
r_1775563553_591632219,1282,744.3378295898438,389.42315673828125
r_1775563553_591632219,1283,723.6578369140625,389.3332214355469
r_1775563553_591632219,1300,613.526611328125,548.1994018554688
r_1775563553_591632219,1301,631.8923950195312,549.4246215820312
r_1775563553_591632219,1302,631.2452392578125,568.524169921875
r_1775563553_591632219,1303,612.5847778320312,567.2877807617188
r_1775563553_591632219,1220,521.4848022460938,415.27960205078125
r_1775563553_591632219,1221,538.7781372070312,415.61053466796875
r_1775563553_591632219,1222,537.9912719726562,433.82379150390625
r_1775563553_591632219,1223,520.642333984375,433.67718505859375
r_1775563553_591632219,1260,299.2853088378906,584.843505859375
r_1775563553_591632219,1261,316.5738220214844,579.786865234375
r_1775563553_591632219,1262,316.31109619140625,601.6541137695312
r_1775563553_591632219,1263,299.35601806640625,607.6028442382812
r_1775563553_591632219,1340,1107.8408203125,629.5810546875
r_1775563553_591632219,1341,1146.2733154296875,638.18505859375
r_1775563553_591632219,1342,1141.3875732421875,670.3146362304688
r_1775563553_591632219,1343,1102.9481201171875,660.0385131835938
r_1775563553_691378809,1190,849.0662231445312,466.1753234863281
r_1775563553_691378809,1191,871.2393188476562,466.63916015625
r_1775563553_691378809,1192,871.531005859375,487.3121643066406
r_1775563553_691378809,1193,849.157470703125,486.7090148925781
r_1775563553_691378809,1280,718.0533447265625,369.491943359375
r_1775563553_691378809,1281,738.7835693359375,369.3976745605469
r_1775563553_691378809,1282,738.2059936523438,389.5770263671875
r_1775563553_691378809,1283,717.587158203125,389.57611083984375
r_1775563553_691378809,1300,607.6826782226562,550.6363525390625
r_1775563553_691378809,1301,626.2772827148438,551.56884765625
r_1775563553_691378809,1302,625.5596313476562,570.9699096679688
r_1775563553_691378809,1303,607.0213012695312,569.8060302734375
r_1775563553_691378809,1220,513.6199951171875,417.00787353515625
r_1775563553_691378809,1221,531.0696411132812,417.03253173828125
r_1775563553_691378809,1222,530.3732299804688,435.64385986328125
r_1775563553_691378809,1223,512.7876586914062,435.60870361328125
r_1775563553_691378809,1260,287.6199035644531,591.0245361328125
r_1775563553_691378809,1261,305.2957458496094,585.6322021484375
r_1775563553_691378809,1262,305.3720397949219,607.904296875
r_1775563553_691378809,1263,287.73468017578125,614.42138671875
r_1775563553_691378809,1340,1105.1373291015625,627.8395385742188
r_1775563553_691378809,1341,1143.7894287109375,636.3046264648438
r_1775563553_691378809,1342,1139.2757568359375,668.4796752929688
r_1775563553_691378809,1343,1100.6500244140625,658.5955810546875
r_1775563553_791176560,1340,1100.5938720703125,624.1657104492188
r_1775563553_791176560,1341,1139.3724365234375,632.2677612304688
r_1775563553_791176560,1342,1135.14404296875,664.501220703125
r_1775563553_791176560,1343,1096.36962890625,654.8113403320312
r_1775563553_791176560,1190,843.7026977539062,463.1089172363281
r_1775563553_791176560,1191,865.8973388671875,463.5708923339844
r_1775563553_791176560,1192,866.18896484375,484.3410949707031
r_1775563553_791176560,1193,843.7298583984375,483.77880859375
r_1775563553_791176560,1300,601.4918212890625,548.8820190429688
r_1775563553_791176560,1301,620.3020629882812,550.1743774414062
r_1775563553_791176560,1302,619.5662841796875,569.5296630859375
r_1775563553_791176560,1303,600.829833984375,568.5675659179688
r_1775563553_791176560,1220,505.5472412109375,414.22119140625
r_1775563553_791176560,1221,523.490234375,414.4293212890625
r_1775563553_791176560,1222,522.7222900390625,433.3019714355469
r_1775563553_791176560,1223,504.87353515625,433.12335205078125
r_1775563553_791176560,1260,275.6129455566406,592.2916259765625
r_1775563553_791176560,1261,293.6533508300781,586.4927978515625
r_1775563553_791176560,1262,293.7536315917969,609.3826904296875
r_1775563553_791176560,1263,275.6351318359375,616.021484375
r_1775563553_791176560,1280,712.2430419921875,366.1925354003906
r_1775563553_791176560,1281,732.926025390625,366.0904846191406
r_1775563553_791176560,1282,732.619384765625,386.37945556640625
r_1775563553_791176560,1283,711.6943359375,386.40545654296875
r_1775563553_891560783,1340,1099.140625,619.57568359375
r_1775563553_891560783,1341,1138.1739501953125,627.365234375
r_1775563553_891560783,1342,1134.1663818359375,659.6823120117188
r_1775563553_891560783,1343,1095.2666015625,650.4307861328125
r_1775563553_891560783,1280,706.6985473632812,364.4213562011719
r_1775563553_891560783,1281,727.5877075195312,364.0395202636719
r_1775563553_891560783,1282,727.3782348632812,384.6358642578125
r_1775563553_891560783,1283,706.5079956054688,384.8090515136719
r_1775563553_891560783,1220,498.5048828125,414.61236572265625
r_1775563553_891560783,1221,516.5192260742188,414.6272888183594
r_1775563553_891560783,1222,516.050048828125,433.76177978515625
r_1775563553_891560783,1223,497.98126220703125,433.70343017578125
r_1775563553_891560783,1260,265.5162353515625,598.1599731445312
r_1775563553_891560783,1261,284.2099914550781,591.884033203125
r_1775563553_891560783,1262,284.619384765625,614.8903198242188
r_1775563553_891560783,1263,266.0929260253906,622.203369140625
r_1775563553_891560783,1190,839.4270629882812,460.84613037109375
r_1775563553_891560783,1191,861.6533203125,461.02392578125
r_1775563553_891560783,1192,862.0936279296875,481.8158874511719
r_1775563553_891560783,1193,839.7647705078125,481.615478515625
r_1775563553_891560783,1300,596.8372192382812,549.66650390625
r_1775563553_891560783,1301,615.8407592773438,550.64892578125
r_1775563553_891560783,1302,615.4466552734375,570.2025146484375
r_1775563553_891560783,1303,596.482666015625,569.424072265625
r_1775563553_991544478,1190,835.023193359375,460.9411926269531
r_1775563553_991544478,1191,857.2240600585938,460.95037841796875
r_1775563553_991544478,1192,857.812744140625,481.8745422363281
r_1775563553_991544478,1193,835.466064453125,481.77874755859375
r_1775563553_991544478,1280,701.3167114257812,364.7487487792969
r_1775563553_991544478,1281,722.2589111328125,364.2890625
r_1775563553_991544478,1282,722.2713012695312,384.8467102050781
r_1775563553_991544478,1283,701.146484375,385.1924743652344
r_1775563553_991544478,1300,591.7452392578125,551.8912963867188
r_1775563553_991544478,1301,610.9672241210938,552.6748046875
r_1775563553_991544478,1302,610.7998046875,572.4878540039062
r_1775563553_991544478,1303,591.4430541992188,571.7573852539062
r_1775563553_991544478,1220,491.47998046875,416.2945861816406
r_1775563553_991544478,1221,509.6822814941406,416.2146301269531
r_1775563553_991544478,1222,509.47039794921875,435.375
r_1775563553_991544478,1223,491.0329895019531,435.4570617675781
r_1775563553_991544478,1260,254.78773498535156,604.0789184570312
r_1775563553_991544478,1261,273.79144287109375,597.4602661132812
r_1775563553_991544478,1262,274.5708312988281,621.1026000976562
r_1775563553_991544478,1263,255.6537628173828,628.5248413085938
r_1775563553_991544478,1340,1096.6678466796875,618.6812133789062
r_1775563553_991544478,1341,1135.8394775390625,626.1212158203125
r_1775563553_991544478,1342,1132.24169921875,658.6753540039062
r_1775563553_991544478,1343,1093.0509033203125,649.555908203125
r_1775563554_091657655,1190,835.8093872070312,460.6183776855469
r_1775563554_091657655,1191,858.3379516601562,460.69287109375
r_1775563554_091657655,1192,858.7177124023438,481.7345275878906
r_1775563554_091657655,1193,836.39111328125,481.54052734375
r_1775563554_091657655,1280,701.7200927734375,362.7325134277344
r_1775563554_091657655,1281,722.9911499023438,362.5812683105469
r_1775563554_091657655,1282,722.7239379882812,383.3558044433594
r_1775563554_091657655,1283,701.6010131835938,383.4549560546875
r_1775563554_091657655,1300,590.4564819335938,551.27734375
r_1775563554_091657655,1301,609.776611328125,551.9986572265625
r_1775563554_091657655,1302,609.21142578125,571.9819946289062
r_1775563554_091657655,1303,589.9262084960938,570.9943237304688
r_1775563554_091657655,1220,489.6149597167969,413.63116455078125
r_1775563554_091657655,1221,508.1148376464844,413.8251037597656
r_1775563554_091657655,1222,507.64239501953125,433.2317810058594
r_1775563554_091657655,1223,489.1345520019531,433.24444580078125
r_1775563554_091657655,1260,249.09512329101562,602.72705078125
r_1775563554_091657655,1261,268.518798828125,596.3493041992188
r_1775563554_091657655,1262,268.9946594238281,620.3147583007812
r_1775563554_091657655,1263,249.5195770263672,627.9541015625
r_1775563554_091657655,1340,1100.2762451171875,621.0546264648438
r_1775563554_091657655,1341,1139.9837646484375,628.8240966796875
r_1775563554_091657655,1342,1136.1964111328125,661.6337280273438
r_1775563554_091657655,1343,1096.4339599609375,652.2537841796875
r_1775563554_191343017,1260,230.29531860351562,608.36279296875
r_1775563554_191343017,1261,250.55963134765625,601.366943359375
r_1775563554_191343017,1262,251.13621520996094,625.9923706054688
r_1775563554_191343017,1263,230.8335418701172,634.02099609375
r_1775563554_191343017,1190,826.6150512695312,463.472412109375
r_1775563554_191343017,1191,848.9939575195312,463.65447998046875
r_1775563554_191343017,1192,849.4465942382812,484.87255859375
r_1775563554_191343017,1193,827.1624755859375,484.4757080078125
r_1775563554_191343017,1280,692.7467651367188,365.22796630859375
r_1775563554_191343017,1281,713.8028564453125,364.9826354980469
r_1775563554_191343017,1282,713.7842407226562,385.7001037597656
r_1775563554_191343017,1283,692.50634765625,385.8431091308594
r_1775563554_191343017,1300,580.3629150390625,554.5382080078125
r_1775563554_191343017,1301,599.9000244140625,555.3402709960938
r_1775563554_191343017,1302,599.444091796875,575.4625244140625
r_1775563554_191343017,1303,579.8768310546875,574.7374877929688
r_1775563554_191343017,1220,478.3662414550781,415.410400390625
r_1775563554_191343017,1221,497.1474914550781,415.5480041503906
r_1775563554_191343017,1222,496.7392578125,435.27972412109375
r_1775563554_191343017,1223,477.80523681640625,435.2209167480469
r_1775563554_191343017,1340,1089.75634765625,624.1683959960938
r_1775563554_191343017,1341,1129.1221923828125,632.0054321289062
r_1775563554_191343017,1342,1125.580322265625,664.6346435546875
r_1775563554_191343017,1343,1086.124755859375,655.2985229492188
r_1775563554_291571714,1260,226.336669921875,612.1319580078125
r_1775563554_291571714,1261,247.2382049560547,604.9212646484375
r_1775563554_291571714,1262,247.4459228515625,630.0518188476562
r_1775563554_291571714,1263,227.0393524169922,638.0639038085938
r_1775563554_291571714,1190,828.7399291992188,462.87457275390625
r_1775563554_291571714,1191,851.2918701171875,462.9986572265625
r_1775563554_291571714,1192,851.8309936523438,484.3562316894531
r_1775563554_291571714,1193,829.42236328125,484.1729431152344
r_1775563554_291571714,1280,693.335205078125,364.1851806640625
r_1775563554_291571714,1281,714.6602172851562,363.9691162109375
r_1775563554_291571714,1282,714.565673828125,384.8907165527344
r_1775563554_291571714,1283,693.05029296875,385.1769104003906
r_1775563554_291571714,1300,580.5446166992188,555.8003540039062
r_1775563554_291571714,1301,600.35400390625,556.5401000976562
r_1775563554_291571714,1302,600.0739135742188,576.8833618164062
r_1775563554_291571714,1303,580.2109985351562,576.2392578125
r_1775563554_291571714,1220,477.0085754394531,415.8434753417969
r_1775563554_291571714,1221,495.9769287109375,416.0559387207031
r_1775563554_291571714,1222,495.6722106933594,435.7630310058594
r_1775563554_291571714,1223,476.607177734375,435.7568664550781
r_1775563554_291571714,1340,1097.42236328125,624.521240234375
r_1775563554_291571714,1341,1137.6627197265625,632.4335327148438
r_1775563554_291571714,1342,1134.33837890625,665.5272216796875
r_1775563554_291571714,1343,1093.8616943359375,656.0582885742188
r_1775563554_391576846,1260,214.27676391601562,614.3180541992188
r_1775563554_391576846,1261,235.70608520507812,606.8973999023438
r_1775563554_391576846,1262,236.3424072265625,632.1841430664062
r_1775563554_391576846,1263,214.9977264404297,640.7144775390625
r_1775563554_391576846,1280,689.5576171875,363.02227783203125
r_1775563554_391576846,1281,710.9666137695312,362.9298095703125
r_1775563554_391576846,1282,710.870361328125,384.1025085449219
r_1775563554_391576846,1283,689.365234375,384.1391906738281
r_1775563554_391576846,1300,575.51220703125,556.4888916015625
r_1775563554_391576846,1301,595.4591674804688,557.2794189453125
r_1775563554_391576846,1302,595.05078125,577.6386108398438
r_1775563554_391576846,1303,575.1327514648438,577.1707153320312
r_1775563554_391576846,1220,470.7257385253906,414.9305419921875
r_1775563554_391576846,1221,490.154052734375,414.9870300292969
r_1775563554_391576846,1222,489.5303039550781,435.0283203125
r_1775563554_391576846,1223,470.18798828125,435.0037536621094
r_1775563554_391576846,1190,825.6384887695312,462.77960205078125
r_1775563554_391576846,1191,848.3526000976562,462.90838623046875
r_1775563554_391576846,1192,848.8101806640625,484.3347473144531
r_1775563554_391576846,1193,826.2113647460938,484.16156005859375
r_1775563554_391576846,1340,1096.39599609375,625.5328369140625
r_1775563554_391576846,1341,1137.08642578125,633.4454956054688
r_1775563554_391576846,1342,1133.5654296875,666.8877563476562
r_1775563554_391576846,1343,1092.962646484375,657.3709106445312
r_1775563554_491594384,1260,207.6553497314453,615.6182250976562
r_1775563554_491594384,1261,230.05335998535156,607.8841552734375
r_1775563554_491594384,1262,230.19970703125,633.8054809570312
r_1775563554_491594384,1263,208.29766845703125,642.301513671875
r_1775563554_491594384,1190,828.2510986328125,464.5500183105469
r_1775563554_491594384,1191,851.2020874023438,464.8685607910156
r_1775563554_491594384,1192,851.6051025390625,486.46417236328125
r_1775563554_491594384,1193,828.87060546875,486.3271179199219
r_1775563554_491594384,1280,690.9951171875,363.2008361816406
r_1775563554_491594384,1281,712.8291015625,363.1351623535156
r_1775563554_491594384,1282,712.614990234375,384.4375915527344
r_1775563554_491594384,1283,690.78955078125,384.488037109375
r_1775563554_491594384,1300,574.8070678710938,558.1857299804688
r_1775563554_491594384,1301,595.033935546875,558.9866943359375
r_1775563554_491594384,1302,594.705322265625,579.7156372070312
r_1775563554_491594384,1303,574.4404907226562,578.8987426757812
r_1775563554_491594384,1220,469.8128662109375,414.57769775390625
r_1775563554_491594384,1221,489.2987976074219,414.6779479980469
r_1775563554_491594384,1222,488.6957092285156,434.973876953125
r_1775563554_491594384,1223,469.13018798828125,434.884765625
r_1775563554_491594384,1340,1104.1519775390625,631.0218505859375
r_1775563554_491594384,1341,1145.9161376953125,639.4282836914062
r_1775563554_491594384,1342,1142.4940185546875,673.3292846679688
r_1775563554_491594384,1343,1101.218017578125,663.3634033203125
r_1775563554_591359835,1190,828.2958374023438,467.3949279785156
r_1775563554_591359835,1191,851.2529296875,467.56549072265625
r_1775563554_591359835,1192,851.8671875,489.5724792480469
r_1775563554_591359835,1193,828.8341674804688,489.2464599609375
r_1775563554_591359835,1300,572.235595703125,562.0618896484375
r_1775563554_591359835,1301,592.6563720703125,562.8410034179688
r_1775563554_591359835,1302,592.1818237304688,583.9605102539062
r_1775563554_591359835,1303,571.7886352539062,583.30859375
r_1775563554_591359835,1220,465.91680908203125,416.8224792480469
r_1775563554_591359835,1221,485.67803955078125,416.76513671875
r_1775563554_591359835,1222,484.97357177734375,437.4902648925781
r_1775563554_591359835,1223,465.215087890625,437.4701843261719
r_1775563554_591359835,1260,197.5756378173828,621.2032470703125
r_1775563554_591359835,1261,220.23944091796875,613.6672973632812
r_1775563554_591359835,1262,220.75796508789062,639.7285766601562
r_1775563554_591359835,1263,198.01219177246094,648.5538940429688
r_1775563554_591359835,1280,689.6096801757812,365.0746765136719
r_1775563554_591359835,1281,711.6001586914062,364.8408508300781
r_1775563554_591359835,1282,711.3828735351562,386.5104064941406
r_1775563554_591359835,1283,689.40869140625,386.5324401855469
r_1775563554_591359835,1340,1109.48974609375,636.1848754882812
r_1775563554_591359835,1341,1152.28564453125,644.7259521484375
r_1775563554_591359835,1342,1149.0860595703125,679.3300170898438
r_1775563554_591359835,1343,1106.4779052734375,669.0560302734375
r_1775563554_691296544,1260,190.31224060058594,625.7494506835938
r_1775563554_691296544,1261,213.81239318847656,617.4143676757812
r_1775563554_691296544,1262,214.3577880859375,644.193603515625
r_1775563554_691296544,1263,190.91049194335938,653.4168701171875
r_1775563554_691296544,1190,829.6371459960938,465.8972473144531
r_1775563554_691296544,1191,852.9678344726562,466.0005798339844
r_1775563554_691296544,1192,853.6678466796875,488.00140380859375
r_1775563554_691296544,1193,830.3328857421875,488.01422119140625
r_1775563554_691296544,1280,689.1675415039062,363.01861572265625
r_1775563554_691296544,1281,711.3046875,362.890380859375
r_1775563554_691296544,1282,711.1537475585938,384.6708984375
r_1775563554_691296544,1283,688.8753051757812,384.8057861328125
r_1775563554_691296544,1300,571.2783203125,563.1044311523438
r_1775563554_691296544,1301,591.911376953125,563.6627197265625
r_1775563554_691296544,1302,591.55224609375,585.0204467773438
r_1775563554_691296544,1303,570.9360961914062,584.3472290039062
r_1775563554_691296544,1220,462.7558288574219,416.6289367675781
r_1775563554_691296544,1221,482.73681640625,416.6151123046875
r_1775563554_691296544,1222,482.373291015625,437.4876403808594
r_1775563554_691296544,1223,462.3539733886719,437.4919738769531
r_1775563554_691296544,1340,1117.4105224609375,635.6771850585938
r_1775563554_691296544,1341,1161.41845703125,644.275634765625
r_1775563554_691296544,1342,1158.337890625,679.462158203125
r_1775563554_691296544,1343,1114.5906982421875,669.1447143554688
r_1775563554_791428150,1260,184.1284637451172,625.4778442382812
r_1775563554_791428150,1261,208.29833984375,617.323486328125
r_1775563554_791428150,1262,208.87672424316406,643.9114379882812
r_1775563554_791428150,1263,184.93675231933594,653.7631225585938
r_1775563554_791428150,1280,689.4942626953125,358.646240234375
r_1775563554_791428150,1281,711.9236450195312,358.3988342285156
r_1775563554_791428150,1282,711.7774658203125,380.53875732421875
r_1775563554_791428150,1283,689.3470458984375,380.6177978515625
r_1775563554_791428150,1300,570.564453125,561.2163696289062
r_1775563554_791428150,1301,591.4727172851562,561.8916015625
r_1775563554_791428150,1302,591.14453125,583.4024658203125
r_1775563554_791428150,1303,570.2373657226562,582.7455444335938
r_1775563554_791428150,1220,460.4966125488281,413.3193054199219
r_1775563554_791428150,1221,480.70001220703125,413.27166748046875
r_1775563554_791428150,1222,480.1734924316406,434.2684326171875
r_1775563554_791428150,1223,459.8038330078125,434.40631103515625
r_1775563554_791428150,1190,831.6317138671875,462.58544921875
r_1775563554_791428150,1191,855.3001708984375,462.5992431640625
r_1775563554_791428150,1192,855.9309692382812,484.9933776855469
r_1775563554_791428150,1193,832.4616088867188,484.9923095703125
r_1775563554_791428150,1340,1124.9898681640625,634.4429321289062
r_1775563554_791428150,1341,1170.08447265625,643.3193359375
r_1775563554_791428150,1342,1167.013427734375,679.0528564453125
r_1775563554_791428150,1343,1121.927001953125,668.4551391601562
r_1775563554_891514552,1190,827.5245361328125,459.6700134277344
r_1775563554_891514552,1191,851.151123046875,459.9519348144531
r_1775563554_891514552,1192,851.6853637695312,482.3610534667969
r_1775563554_891514552,1193,828.0986938476562,482.27252197265625
r_1775563554_891514552,1280,685.05517578125,353.7933654785156
r_1775563554_891514552,1281,707.6073608398438,353.6111145019531
r_1775563554_891514552,1282,707.5352783203125,376.2043762207031
r_1775563554_891514552,1283,684.8036499023438,375.93194580078125
r_1775563554_891514552,1300,563.6704711914062,557.7421875
r_1775563554_891514552,1301,584.7178344726562,558.6190795898438
r_1775563554_891514552,1302,584.3646240234375,580.3502807617188
r_1775563554_891514552,1303,563.20751953125,579.6029052734375
r_1775563554_891514552,1220,452.5582275390625,407.5086975097656
r_1775563554_891514552,1221,473.1156311035156,407.5841979980469
r_1775563554_891514552,1222,472.5148010253906,429.0145568847656
r_1775563554_891514552,1223,451.9031982421875,429.0083923339844
r_1775563554_891514552,1260,168.14187622070312,622.5906982421875
r_1775563554_891514552,1261,193.2281494140625,614.2510375976562
r_1775563554_891514552,1262,193.8153533935547,641.4852905273438
r_1775563554_891514552,1263,169.02761840820312,651.2393188476562
r_1775563554_891514552,1340,1120.6361083984375,634.1701049804688
r_1775563554_891514552,1341,1165.84228515625,643.2920532226562
r_1775563554_891514552,1342,1162.461669921875,679.037353515625
r_1775563554_891514552,1343,1117.442138671875,668.1705932617188
r_1775563554_991512123,1260,160.02784729003906,619.6954956054688
r_1775563554_991512123,1261,185.5574188232422,610.9860229492188
r_1775563554_991512123,1262,186.64898681640625,638.7238159179688
r_1775563554_991512123,1263,160.93943786621094,648.8150024414062
r_1775563554_991512123,1280,685.7509765625,349.2948303222656
r_1775563554_991512123,1281,708.6725463867188,349.3177185058594
r_1775563554_991512123,1282,708.262451171875,372.1883850097656
r_1775563554_991512123,1283,685.3351440429688,371.82269287109375
r_1775563554_991512123,1300,562.0874633789062,555.1807250976562
r_1775563554_991512123,1301,583.3859252929688,556.0921630859375
r_1775563554_991512123,1302,582.7846069335938,577.8839111328125
r_1775563554_991512123,1303,561.4616088867188,577.0492553710938
r_1775563554_991512123,1220,450.0337829589844,402.61474609375
r_1775563554_991512123,1221,470.8234558105469,402.7416076660156
r_1775563554_991512123,1222,470.2295227050781,424.492919921875
r_1775563554_991512123,1223,449.37225341796875,424.3505554199219
r_1775563554_991512123,1190,828.9580078125,457.3455505371094
r_1775563554_991512123,1191,852.7926025390625,457.65228271484375
r_1775563554_991512123,1192,853.2843627929688,480.3949890136719
r_1775563554_991512123,1193,829.4447631835938,479.9154968261719
r_1775563554_991512123,1340,1125.6708984375,635.4421997070312
r_1775563554_991512123,1341,1171.8394775390625,645.0326538085938
r_1775563554_991512123,1342,1167.900146484375,681.1534423828125
r_1775563554_991512123,1343,1121.888427734375,669.813720703125
r_1775563555_091688558,1260,141.72238159179688,623.729248046875
r_1775563555_091688558,1261,168.7526092529297,614.2562866210938
r_1775563555_091688558,1262,169.8892059326172,642.6222534179688
r_1775563555_091688558,1263,142.77371215820312,653.414306640625
r_1775563555_091688558,1190,823.9263916015625,458.75067138671875
r_1775563555_091688558,1191,847.7537231445312,459.2017822265625
r_1775563555_091688558,1192,848.3619384765625,482.0335693359375
r_1775563555_091688558,1193,824.38330078125,481.7054443359375
r_1775563555_091688558,1280,680.266845703125,349.47564697265625
r_1775563555_091688558,1281,703.2958984375,349.5889892578125
r_1775563555_091688558,1282,702.8909301757812,372.53460693359375
r_1775563555_091688558,1283,679.7017822265625,372.26849365234375
r_1775563555_091688558,1300,554.7468872070312,557.1822509765625
r_1775563555_091688558,1301,576.4398803710938,557.9544067382812
r_1775563555_091688558,1302,575.7640991210938,580.1220092773438
r_1775563555_091688558,1303,554.2302856445312,579.3983154296875
r_1775563555_091688558,1220,441.30908203125,402.4264221191406
r_1775563555_091688558,1221,462.5612487792969,402.506591796875
r_1775563555_091688558,1222,461.86572265625,424.58221435546875
r_1775563555_091688558,1223,440.51416015625,424.36083984375
r_1775563555_091688558,1340,1121.9305419921875,638.8265380859375
r_1775563555_091688558,1341,1168.26513671875,648.5478515625
r_1775563555_091688558,1342,1164.39208984375,685.01806640625
r_1775563555_091688558,1343,1118.1566162109375,673.4349365234375
r_1775563555_191579461,1260,131.2577667236328,630.788330078125
r_1775563555_191579461,1261,158.9888916015625,621.3258056640625
r_1775563555_191579461,1262,159.64785766601562,650.1630859375
r_1775563555_191579461,1263,131.9993438720703,661.4810180664062
r_1775563555_191579461,1220,436.71685791015625,404.10382080078125
r_1775563555_191579461,1221,458.3373718261719,404.2220153808594
r_1775563555_191579461,1222,457.7535095214844,426.2965393066406
r_1775563555_191579461,1223,436.2138977050781,426.361572265625
r_1775563555_191579461,1280,678.4319458007812,349.4911193847656
r_1775563555_191579461,1281,701.703369140625,349.4786376953125
r_1775563555_191579461,1282,701.4095458984375,372.7215576171875
r_1775563555_191579461,1283,678.0535278320312,372.52215576171875
r_1775563555_191579461,1300,552.3925170898438,560.1506958007812
r_1775563555_191579461,1301,574.2529907226562,560.7686767578125
r_1775563555_191579461,1302,573.7076416015625,583.2688598632812
r_1775563555_191579461,1303,551.7378540039062,582.6371459960938
r_1775563555_191579461,1190,824.0003051757812,459.32635498046875
r_1775563555_191579461,1191,848.163818359375,459.56329345703125
r_1775563555_191579461,1192,848.6966552734375,482.70672607421875
r_1775563555_191579461,1193,824.5834350585938,482.4505310058594
r_1775563555_191579461,1340,1128.146240234375,640.40625
r_1775563555_191579461,1341,1175.6724853515625,650.131103515625
r_1775563555_191579461,1342,1172.1690673828125,687.1885375976562
r_1775563555_191579461,1343,1124.7001953125,675.5651245117188
r_1775563555_291695682,1260,117.3215103149414,637.562255859375
r_1775563555_291695682,1261,146.369384765625,627.468994140625
r_1775563555_291695682,1262,147.3024444580078,657.15673828125
r_1775563555_291695682,1263,118.40985107421875,668.8502197265625
r_1775563555_291695682,1280,675.451416015625,348.4106140136719
r_1775563555_291695682,1281,698.9171142578125,348.56512451171875
r_1775563555_291695682,1282,698.6895751953125,371.96221923828125
r_1775563555_291695682,1283,675.2031860351562,371.7593078613281
r_1775563555_291695682,1300,548.8384399414062,562.1904296875
r_1775563555_291695682,1301,570.9091796875,562.8331298828125
r_1775563555_291695682,1302,570.597900390625,585.6871948242188
r_1775563555_291695682,1303,548.4185180664062,585.0247192382812
r_1775563555_291695682,1340,1132.5057373046875,640.6737060546875
r_1775563555_291695682,1341,1180.9527587890625,650.4476928710938
r_1775563555_291695682,1342,1177.691650390625,687.875
r_1775563555_291695682,1343,1129.3238525390625,676.31787109375
r_1775563555_291695682,1190,822.8340454101562,458.9561767578125
r_1775563555_291695682,1191,846.9904174804688,459.1622009277344
r_1775563555_291695682,1192,847.8169555664062,482.4541015625
r_1775563555_291695682,1193,823.4879150390625,482.29815673828125
r_1775563555_291695682,1220,430.6286315917969,404.5191650390625
r_1775563555_291695682,1221,452.5213317871094,404.6448974609375
r_1775563555_291695682,1222,452.1004943847656,427.24993896484375
r_1775563555_291695682,1223,430.1210021972656,427.1700439453125
r_1775563555_391804667,1280,672.360595703125,353.7339782714844
r_1775563555_391804667,1281,696.2300415039062,353.809326171875
r_1775563555_391804667,1282,696.1585083007812,377.3948669433594
r_1775563555_391804667,1283,672.30419921875,377.2560119628906
r_1775563555_391804667,1300,544.937744140625,570.5253295898438
r_1775563555_391804667,1301,567.5491333007812,571.1903686523438
r_1775563555_391804667,1302,567.2828369140625,594.3438110351562
r_1775563555_391804667,1303,544.6280517578125,593.7831420898438
r_1775563555_391804667,1220,424.70635986328125,411.21612548828125
r_1775563555_391804667,1221,447.05914306640625,411.1951599121094
r_1775563555_391804667,1222,446.4465637207031,433.96270751953125
r_1775563555_391804667,1223,424.2142333984375,434.0006103515625
r_1775563555_391804667,1260,100.76959991455078,651.4592895507812
r_1775563555_391804667,1261,131.34573364257812,640.5042114257812
r_1775563555_391804667,1262,132.5793914794922,670.7506103515625
r_1775563555_391804667,1263,101.85645294189453,683.5932006835938
r_1775563555_391804667,1190,821.5970458984375,464.65631103515625
r_1775563555_391804667,1191,845.9609375,464.7617492675781
r_1775563555_391804667,1192,846.9280395507812,488.2447814941406
r_1775563555_391804667,1193,822.5742797851562,488.2632141113281
r_1775563555_391804667,1340,1138.497314453125,647.6377563476562
r_1775563555_391804667,1341,1188.1195068359375,657.448486328125
r_1775563555_391804667,1342,1185.5693359375,695.8386840820312
r_1775563555_391804667,1343,1135.9107666015625,684.0530395507812
r_1775563555_491763364,1280,666.7745971679688,355.2051696777344
r_1775563555_491763364,1281,690.7615356445312,355.228515625
r_1775563555_491763364,1282,690.7686157226562,378.8176574707031
r_1775563555_491763364,1283,666.7720336914062,378.9331359863281
r_1775563555_491763364,1300,538.3659057617188,574.932861328125
r_1775563555_491763364,1301,561.3561401367188,575.3984375
r_1775563555_491763364,1302,560.9004516601562,598.9041137695312
r_1775563555_491763364,1303,537.8709716796875,598.5853881835938
r_1775563555_491763364,1190,817.2378540039062,466.6961669921875
r_1775563555_491763364,1191,841.775390625,466.72509765625
r_1775563555_491763364,1192,842.8687133789062,490.5280456542969
r_1775563555_491763364,1193,818.3248901367188,490.4972839355469
r_1775563555_491763364,1340,1137.9776611328125,650.3382568359375
r_1775563555_491763364,1341,1187.975341796875,659.9506225585938
r_1775563555_491763364,1342,1185.8587646484375,698.6439819335938
r_1775563555_491763364,1343,1135.6138916015625,686.9568481445312
r_1775563555_491763364,1260,79.25617218017578,661.3150634765625
r_1775563555_491763364,1261,111.24840545654297,649.7677001953125
r_1775563555_491763364,1262,112.48519134521484,681.0664672851562
r_1775563555_491763364,1263,80.21290588378906,694.7003173828125
r_1775563555_491763364,1220,415.3859558105469,413.3166809082031
r_1775563555_491763364,1221,438.0838928222656,413.2502746582031
r_1775563555_491763364,1222,437.50079345703125,436.4417724609375
r_1775563555_491763364,1223,414.7317810058594,436.5186462402344
r_1775563555_591659865,1260,56.429969787597656,665.263916015625
r_1775563555_591659865,1261,90.42768096923828,652.9610595703125
r_1775563555_591659865,1262,91.82866668701172,685.4326171875
r_1775563555_591659865,1263,57.931732177734375,699.8106689453125
r_1775563555_591659865,1190,811.312255859375,461.13787841796875
r_1775563555_591659865,1191,835.8563842773438,461.0194396972656
r_1775563555_591659865,1192,837.0655517578125,484.9136657714844
r_1775563555_591659865,1193,812.521240234375,485.12261962890625
r_1775563555_591659865,1280,659.46337890625,348.6695251464844
r_1775563555_591659865,1281,683.7463989257812,348.7454833984375
r_1775563555_591659865,1282,683.9555053710938,372.7037048339844
r_1775563555_591659865,1283,659.7403564453125,372.8459167480469
r_1775563555_591659865,1300,530.3726196289062,572.1090087890625
r_1775563555_591659865,1301,553.7201538085938,572.46044921875
r_1775563555_591659865,1302,553.5067138671875,596.2166137695312
r_1775563555_591659865,1303,530.15576171875,595.8583984375
r_1775563555_591659865,1220,403.74273681640625,408.5280456542969
r_1775563555_591659865,1221,426.97210693359375,408.45758056640625
r_1775563555_591659865,1222,426.5602722167969,432.03997802734375
r_1775563555_591659865,1223,403.26177978515625,432.104248046875
r_1775563555_591659865,1340,1133.2593994140625,643.2855834960938
r_1775563555_591659865,1341,1183.26953125,652.7344360351562
r_1775563555_591659865,1342,1181.177490234375,691.3899536132812
r_1775563555_591659865,1343,1131.015869140625,679.9328002929688
r_1775563555_691837832,1280,644.744873046875,346.6998291015625
r_1775563555_691837832,1281,669.373046875,346.76641845703125
r_1775563555_691837832,1282,669.6294555664062,371.1481018066406
r_1775563555_691837832,1283,645.239013671875,371.10137939453125
r_1775563555_691837832,1190,797.2640380859375,460.0765686035156
r_1775563555_691837832,1191,821.4649658203125,459.81317138671875
r_1775563555_691837832,1192,822.772216796875,483.6438293457031
r_1775563555_691837832,1193,798.4328002929688,483.7534484863281
r_1775563555_691837832,1220,383.5274353027344,406.8343200683594
r_1775563555_691837832,1221,407.633544921875,406.8232421875
r_1775563555_691837832,1222,407.5130920410156,431.1829833984375
r_1775563555_691837832,1223,383.3035583496094,431.2225341796875
r_1775563555_691837832,1340,1115.1619873046875,639.7135620117188
r_1775563555_691837832,1341,1164.0089111328125,648.63427734375
r_1775563555_691837832,1342,1162.1270751953125,686.8911743164062
r_1775563555_691837832,1343,1113.2349853515625,676.1483764648438
r_1775563555_691837832,1300,514.6558227539062,573.3905639648438
r_1775563555_691837832,1301,538.40869140625,573.5928955078125
r_1775563555_691837832,1302,538.2442016601562,597.6610717773438
r_1775563555_691837832,1303,514.4589233398438,597.6639404296875
r_1775563555_791286246,1220,376.11932373046875,403.441162109375
r_1775563555_791286246,1221,400.7826843261719,403.6628112792969
r_1775563555_791286246,1222,400.3717041015625,428.1590881347656
r_1775563555_791286246,1223,375.70159912109375,428.25738525390625
r_1775563555_791286246,1190,794.99267578125,460.67156982421875
r_1775563555_791286246,1191,819.3228149414062,460.6905822753906
r_1775563555_791286246,1192,820.5463256835938,484.8954772949219
r_1775563555_791286246,1193,795.9300537109375,484.7584228515625
r_1775563555_791286246,1300,508.4901123046875,573.5034790039062
r_1775563555_791286246,1301,532.5892333984375,573.6729125976562
r_1775563555_791286246,1302,532.4302368164062,598.152099609375
r_1775563555_791286246,1303,508.16064453125,597.9722900390625
r_1775563555_791286246,1280,642.3773193359375,344.8050537109375
r_1775563555_791286246,1281,667.1993408203125,345.2054443359375
r_1775563555_791286246,1282,667.2778930664062,369.7467956542969
r_1775563555_791286246,1283,642.4471435546875,369.5711669921875
r_1775563555_791286246,1340,1114.7218017578125,644.7523803710938
r_1775563555_791286246,1341,1163.9871826171875,654.2015380859375
r_1775563555_791286246,1342,1161.994140625,692.6207275390625
r_1775563555_791286246,1343,1112.4556884765625,681.3765258789062
r_1775563555_891461941,1220,365.57305908203125,404.0117492675781
r_1775563555_891461941,1221,390.7816162109375,404.26690673828125
r_1775563555_891461941,1222,390.3065185546875,429.33203125
r_1775563555_891461941,1223,364.9062805175781,429.1210021972656
r_1775563555_891461941,1280,636.6279296875,346.35650634765625
r_1775563555_891461941,1281,661.691162109375,346.95550537109375
r_1775563555_891461941,1282,661.6228637695312,371.7471618652344
r_1775563555_891461941,1283,636.6792602539062,371.3580017089844
r_1775563555_891461941,1190,789.9556274414062,464.3170166015625
r_1775563555_891461941,1191,814.3231201171875,464.35589599609375
r_1775563555_891461941,1192,815.3494873046875,488.6311950683594
r_1775563555_891461941,1193,790.8067016601562,488.5344543457031
r_1775563555_891461941,1300,499.7555847167969,577.2523803710938
r_1775563555_891461941,1301,524.412109375,577.5357055664062
r_1775563555_891461941,1302,524.0496826171875,602.3667602539062
r_1775563555_891461941,1303,499.3948669433594,602.1414184570312
r_1775563555_891461941,1340,1111.1212158203125,651.110595703125
r_1775563555_891461941,1341,1160.50927734375,660.6740112304688
r_1775563555_891461941,1342,1158.46337890625,699.4562377929688
r_1775563555_891461941,1343,1108.790771484375,688.0244750976562
r_1775563555_991457735,1280,636.539306640625,347.932861328125
r_1775563555_991457735,1281,661.9175415039062,348.46490478515625
r_1775563555_991457735,1282,661.7393188476562,373.576416015625
r_1775563555_991457735,1283,636.5028076171875,373.1943359375
r_1775563555_991457735,1190,791.1346435546875,467.5783386230469
r_1775563555_991457735,1191,815.7752685546875,467.65447998046875
r_1775563555_991457735,1192,816.8553466796875,492.3594665527344
r_1775563555_991457735,1193,791.9412841796875,492.1040344238281
r_1775563555_991457735,1220,361.3918151855469,405.28045654296875
r_1775563555_991457735,1221,387.1458435058594,405.6116027832031
r_1775563555_991457735,1222,386.4349060058594,430.91693115234375
r_1775563555_991457735,1223,360.7520751953125,430.6971130371094
r_1775563555_991457735,1300,497.11328125,581.4331665039062
r_1775563555_991457735,1301,522.1631469726562,581.6070556640625
r_1775563555_991457735,1302,521.5562133789062,606.7874755859375
r_1775563555_991457735,1303,496.56439208984375,606.661865234375
r_1775563555_991457735,1340,1118.769287109375,658.4483032226562
r_1775563555_991457735,1341,1169.6439208984375,668.5864868164062
r_1775563555_991457735,1342,1167.826904296875,708.4082641601562
r_1775563555_991457735,1343,1116.66015625,696.2515258789062
r_1775563556_091645499,1300,485.8675231933594,583.6761474609375
r_1775563556_091645499,1301,511.28656005859375,584.18017578125
r_1775563556_091645499,1302,510.61187744140625,609.721923828125
r_1775563556_091645499,1303,485.2195739746094,609.414794921875
r_1775563556_091645499,1280,629.4443969726562,347.635986328125
r_1775563556_091645499,1281,655.0421142578125,348.4609375
r_1775563556_091645499,1282,654.775390625,373.893798828125
r_1775563556_091645499,1283,629.1416015625,373.2424011230469
r_1775563556_091645499,1190,784.3137817382812,469.8937683105469
r_1775563556_091645499,1191,809.0452270507812,470.3848876953125
r_1775563556_091645499,1192,809.9844360351562,494.9376220703125
r_1775563556_091645499,1193,785.3101196289062,494.5983581542969
r_1775563556_091645499,1220,348.0905456542969,403.0267639160156
r_1775563556_091645499,1221,374.4032897949219,403.75421142578125
r_1775563556_091645499,1222,373.5441589355469,429.5902099609375
r_1775563556_091645499,1223,347.0328369140625,429.1968994140625
r_1775563556_091645499,1340,1112.602294921875,664.3831176757812
r_1775563556_091645499,1341,1163.5244140625,674.8193969726562
r_1775563556_091645499,1342,1161.7117919921875,714.7744140625
r_1775563556_091645499,1343,1110.3399658203125,702.3598022460938
r_1775563556_191502040,1220,340.13818359375,402.357177734375
r_1775563556_191502040,1221,367.1861877441406,403.061279296875
r_1775563556_191502040,1222,365.9954833984375,429.4266662597656
r_1775563556_191502040,1223,338.8620910644531,428.65386962890625
r_1775563556_191502040,1300,479.8915710449219,586.56494140625
r_1775563556_191502040,1301,505.81304931640625,587.0230102539062
r_1775563556_191502040,1302,505.1200256347656,613.1334228515625
r_1775563556_191502040,1303,479.0160217285156,612.7953491210938
r_1775563556_191502040,1190,783.2129516601562,472.0652770996094
r_1775563556_191502040,1191,808.1052856445312,472.4835510253906
r_1775563556_191502040,1192,809.0133056640625,497.551513671875
r_1775563556_191502040,1193,784.0379638671875,497.104736328125
r_1775563556_191502040,1280,626.8236694335938,347.4574279785156
r_1775563556_191502040,1281,652.9054565429688,348.3703308105469
r_1775563556_191502040,1282,652.5079345703125,374.1548767089844
r_1775563556_191502040,1283,626.4053955078125,373.34857177734375
r_1775563556_191502040,1340,1116.9884033203125,670.8455810546875
r_1775563556_191502040,1341,1168.9913330078125,681.7562255859375
r_1775563556_191502040,1342,1167.23046875,722.514892578125
r_1775563556_191502040,1343,1114.7320556640625,709.4947509765625
r_1775563556_291542484,1220,328.1866149902344,404.44805908203125
r_1775563556_291542484,1221,355.65899658203125,405.32562255859375
r_1775563556_291542484,1222,354.5223693847656,432.17034912109375
r_1775563556_291542484,1223,326.7979736328125,431.43426513671875
r_1775563556_291542484,1300,471.21490478515625,592.1724243164062
r_1775563556_291542484,1301,497.6893005371094,592.437255859375
r_1775563556_291542484,1302,496.925537109375,619.1222534179688
r_1775563556_291542484,1303,470.3928527832031,618.9910278320312
r_1775563556_291542484,1280,620.6010131835938,348.824951171875
r_1775563556_291542484,1281,646.8563842773438,349.8363342285156
r_1775563556_291542484,1282,646.6361694335938,375.9732971191406
r_1775563556_291542484,1283,620.2492065429688,374.84222412109375
r_1775563556_291542484,1190,779.0476684570312,474.87640380859375
r_1775563556_291542484,1191,804.122314453125,475.3805847167969
r_1775563556_291542484,1192,805.1821899414062,500.6140441894531
r_1775563556_291542484,1193,779.821533203125,500.2614440917969
r_1775563556_291542484,1340,1118.33642578125,675.591552734375
r_1775563556_291542484,1341,1171.3475341796875,686.7299194335938
r_1775563556_291542484,1342,1169.9034423828125,728.1901245117188
r_1775563556_291542484,1343,1116.5640869140625,715.1285400390625
r_1775563556_391432534,1190,766.6517944335938,473.50146484375
r_1775563556_391432534,1191,791.7781372070312,473.8924560546875
r_1775563556_391432534,1192,793.111572265625,499.3062438964844
r_1775563556_391432534,1193,767.7059936523438,499.077392578125
r_1775563556_391432534,1280,606.3219604492188,346.63873291015625
r_1775563556_391432534,1281,632.8501586914062,347.7430114746094
r_1775563556_391432534,1282,632.6834106445312,374.1197509765625
r_1775563556_391432534,1283,606.0466918945312,373.3035583496094
r_1775563556_391432534,1300,455.2712707519531,595.502685546875
r_1775563556_391432534,1301,482.50469970703125,595.49462890625
r_1775563556_391432534,1302,481.9065856933594,622.7011108398438
r_1775563556_391432534,1303,454.5190124511719,622.8596801757812
r_1775563556_391432534,1340,1106.180419921875,672.1450805664062
r_1775563556_391432534,1341,1158.625244140625,682.5341796875
r_1775563556_391432534,1342,1157.6199951171875,724.0863037109375
r_1775563556_391432534,1343,1104.7476806640625,711.6873168945312
r_1775563556_391432534,1220,305.4986267089844,404.3330078125
r_1775563556_391432534,1221,334.3232116699219,404.8267517089844
r_1775563556_391432534,1222,333.3457946777344,432.5043640136719
r_1775563556_391432534,1223,304.4245910644531,431.9346618652344
r_1775563556_491281587,1220,294.5116271972656,402.1536865234375
r_1775563556_491281587,1221,323.9375305175781,402.8145751953125
r_1775563556_491281587,1222,323.32757568359375,430.8622131347656
r_1775563556_491281587,1223,293.5938415527344,430.5130615234375
r_1775563556_491281587,1300,448.8956604003906,596.2305297851562
r_1775563556_491281587,1301,476.6492004394531,595.9851684570312
r_1775563556_491281587,1302,476.2821044921875,623.7182006835938
r_1775563556_491281587,1303,448.3752746582031,624.038818359375
r_1775563556_491281587,1190,764.2617797851562,470.9391784667969
r_1775563556_491281587,1191,789.7608642578125,471.1639099121094
r_1775563556_491281587,1192,791.0623779296875,496.8095703125
r_1775563556_491281587,1193,765.6165161132812,496.74481201171875
r_1775563556_491281587,1280,601.2593383789062,342.6930236816406
r_1775563556_491281587,1281,628.40673828125,343.7704162597656
r_1775563556_491281587,1282,628.3397827148438,370.593505859375
r_1775563556_491281587,1283,601.2630004882812,369.6660461425781
r_1775563556_491281587,1340,1108.9365234375,670.6375122070312
r_1775563556_491281587,1341,1162.0811767578125,681.0560913085938
r_1775563556_491281587,1342,1161.6405029296875,723.2383422851562
r_1775563556_491281587,1343,1107.7119140625,710.6517944335938
r_1775563556_591662589,1220,268.5207214355469,396.6900634765625
r_1775563556_591662589,1221,299.51580810546875,397.5557556152344
r_1775563556_591662589,1222,298.7723693847656,426.4922180175781
r_1775563556_591662589,1223,267.7016906738281,425.9768981933594
r_1775563556_591662589,1300,429.6544494628906,596.1231079101562
r_1775563556_591662589,1301,458.15447998046875,595.78662109375
r_1775563556_591662589,1302,457.6020812988281,624.0220947265625
r_1775563556_591662589,1303,428.8632507324219,624.4887084960938
r_1775563556_591662589,1190,749.802978515625,468.7839660644531
r_1775563556_591662589,1191,775.1910400390625,469.0550537109375
r_1775563556_591662589,1192,776.4227294921875,494.81988525390625
r_1775563556_591662589,1193,750.8948974609375,494.7752990722656
r_1775563556_591662589,1280,585.86962890625,338.1694030761719
r_1775563556_591662589,1281,613.4606323242188,339.491943359375
r_1775563556_591662589,1282,613.2868041992188,366.64202880859375
r_1775563556_591662589,1283,585.7576293945312,365.5643615722656
r_1775563556_591662589,1340,1090.0482177734375,668.2130126953125
r_1775563556_591662589,1341,1141.8955078125,678.3595581054688
r_1775563556_591662589,1342,1141.16845703125,719.9974365234375
r_1775563556_591662589,1343,1088.4530029296875,707.7289428710938
r_1775563556_691892684,1220,247.40647888183594,390.9742736816406
r_1775563556_691892684,1221,279.6540832519531,392.2087707519531
r_1775563556_691892684,1222,278.9334411621094,421.9461364746094
r_1775563556_691892684,1223,246.41329956054688,421.2677001953125
r_1775563556_691892684,1190,739.8613891601562,466.45196533203125
r_1775563556_691892684,1191,765.2042846679688,466.6658630371094
r_1775563556_691892684,1192,766.484130859375,492.8131408691406
r_1775563556_691892684,1193,740.8218383789062,492.6600036621094
r_1775563556_691892684,1300,414.3827819824219,595.4722290039062
r_1775563556_691892684,1301,443.88287353515625,595.1759643554688
r_1775563556_691892684,1302,443.1946716308594,623.79931640625
r_1775563556_691892684,1303,413.6846618652344,624.4935302734375
r_1775563556_691892684,1280,574.5563354492188,333.3000183105469
r_1775563556_691892684,1281,602.625,334.8067321777344
r_1775563556_691892684,1282,602.295166015625,362.4273681640625
r_1775563556_691892684,1283,574.3671875,361.0819396972656
r_1775563556_691892684,1340,1078.411376953125,666.3925170898438
r_1775563556_691892684,1341,1129.7056884765625,676.476318359375
r_1775563556_691892684,1342,1128.690185546875,718.15576171875
r_1775563556_691892684,1343,1076.790771484375,705.93359375
r_1775563556_791408715,1220,221.53041076660156,389.6834411621094
r_1775563556_791408715,1221,255.4876708984375,390.6413879394531
r_1775563556_791408715,1222,254.87696838378906,421.50537109375
r_1775563556_791408715,1223,220.7297821044922,420.81732177734375
r_1775563556_791408715,1300,397.2712097167969,598.67529296875
r_1775563556_791408715,1301,427.7198486328125,598.0474853515625
r_1775563556_791408715,1302,427.2323303222656,627.1337890625
r_1775563556_791408715,1303,396.7505798339844,628.320556640625
r_1775563556_791408715,1280,559.9580078125,330.2599792480469
r_1775563556_791408715,1281,588.407958984375,331.7889099121094
r_1775563556_791408715,1282,588.4418334960938,359.9596862792969
r_1775563556_791408715,1283,559.9520874023438,358.7344970703125
r_1775563556_791408715,1190,727.7068481445312,464.82379150390625
r_1775563556_791408715,1191,753.139892578125,464.9622497558594
r_1775563556_791408715,1192,754.369384765625,491.1506652832031
r_1775563556_791408715,1193,728.8350830078125,491.19384765625
r_1775563556_791408715,1340,1065.64599609375,662.0745239257812
r_1775563556_791408715,1341,1116.281494140625,671.6137084960938
r_1775563556_791408715,1342,1115.523681640625,712.7987670898438
r_1775563556_791408715,1343,1064.5435791015625,701.5715942382812
r_1775563556_891385769,1300,377.57177734375,599.2567138671875
r_1775563556_891385769,1301,409.0751037597656,598.1148071289062
r_1775563556_891385769,1302,408.8179016113281,627.9296264648438
r_1775563556_891385769,1303,377.2637634277344,629.5245971679688
r_1775563556_891385769,1280,543.2973022460938,324.1285095214844
r_1775563556_891385769,1281,572.4349975585938,325.69927978515625
r_1775563556_891385769,1282,572.5394287109375,354.3156433105469
r_1775563556_891385769,1283,543.4636840820312,353.0776062011719
r_1775563556_891385769,1190,713.6348876953125,460.366455078125
r_1775563556_891385769,1191,739.06787109375,460.4189453125
r_1775563556_891385769,1192,740.5662841796875,486.8506774902344
r_1775563556_891385769,1193,715.0626831054688,486.9461669921875
r_1775563556_891385769,1220,190.64068603515625,384.5278015136719
r_1775563556_891385769,1221,226.7022705078125,385.6001892089844
r_1775563556_891385769,1222,226.43255615234375,417.4994201660156
r_1775563556_891385769,1223,190.1810302734375,416.8982849121094
r_1775563556_891385769,1340,1049.652587890625,654.55419921875
r_1775563556_891385769,1341,1099.1793212890625,663.1924438476562
r_1775563556_891385769,1342,1098.7366943359375,704.355224609375
r_1775563556_891385769,1343,1048.7047119140625,693.6875610351562
r_1775563556_991648647,1220,159.39695739746094,387.8751525878906
r_1775563556_991648647,1221,197.8329315185547,388.7023010253906
r_1775563556_991648647,1222,197.6213836669922,421.699951171875
r_1775563556_991648647,1223,159.33908081054688,421.4140319824219
r_1775563556_991648647,1280,526.363525390625,324.0745544433594
r_1775563556_991648647,1281,556.02880859375,325.8764343261719
r_1775563556_991648647,1282,556.5255126953125,354.7923583984375
r_1775563556_991648647,1283,526.905517578125,353.5259094238281
r_1775563556_991648647,1190,700.1434326171875,460.9575500488281
r_1775563556_991648647,1191,725.5103759765625,460.718017578125
r_1775563556_991648647,1192,727.2757568359375,487.2614440917969
r_1775563556_991648647,1193,701.9019165039062,487.6058044433594
r_1775563556_991648647,1300,358.3822937011719,607.19189453125
r_1775563556_991648647,1301,391.129638671875,605.5006103515625
r_1775563556_991648647,1302,391.2865295410156,636.1080322265625
r_1775563556_991648647,1303,358.4328308105469,638.369384765625
r_1775563556_991648647,1340,1036.61474609375,650.357666015625
r_1775563556_991648647,1341,1085.326416015625,658.0869750976562
r_1775563556_991648647,1342,1085.5897216796875,698.9215087890625
r_1775563556_991648647,1343,1036.296142578125,689.3798828125
r_1775563557_091512482,1220,105.425048828125,391.9152526855469
r_1775563557_091512482,1221,147.66566467285156,392.5380554199219
r_1775563557_091512482,1222,147.92701721191406,427.47991943359375
r_1775563557_091512482,1223,105.44749450683594,427.384033203125
r_1775563557_091512482,1280,496.45794677734375,325.2077331542969
r_1775563557_091512482,1281,527.018798828125,326.8675231933594
r_1775563557_091512482,1282,527.9014282226562,356.43701171875
r_1775563557_091512482,1283,497.4414978027344,355.1910095214844
r_1775563557_091512482,1300,323.74053955078125,618.5702514648438
r_1775563557_091512482,1301,358.50787353515625,615.854736328125
r_1775563557_091512482,1302,359.0245056152344,647.74951171875
r_1775563557_091512482,1303,324.259033203125,651.0532836914062
r_1775563557_091512482,1190,674.2383422851562,462.7581481933594
r_1775563557_091512482,1191,699.4448852539062,462.3427429199219
r_1775563557_091512482,1192,701.64990234375,488.6759948730469
r_1775563557_091512482,1193,676.4053955078125,489.5164794921875
r_1775563557_091512482,1340,1005.399658203125,644.3158569335938
r_1775563557_091512482,1341,1051.5592041015625,650.41943359375
r_1775563557_091512482,1342,1052.5850830078125,690.3931884765625
r_1775563557_091512482,1343,1005.7451782226562,682.3692626953125
r_1775563557_191580640,1300,294.0014953613281,620.68994140625
r_1775563557_191580640,1301,330.7434387207031,617.6709594726562
r_1775563557_191580640,1302,331.4124450683594,650.4012451171875
r_1775563557_191580640,1303,294.74615478515625,654.2704467773438
r_1775563557_191580640,1280,473.34979248046875,318.8113708496094
r_1775563557_191580640,1281,504.7765197753906,321.1817626953125
r_1775563557_191580640,1282,505.8168640136719,351.274169921875
r_1775563557_191580640,1283,474.4255676269531,349.66845703125
r_1775563557_191580640,1190,654.4175415039062,459.6697082519531
r_1775563557_191580640,1191,679.6612548828125,459.2752685546875
r_1775563557_191580640,1192,681.8661499023438,485.6759033203125
r_1775563557_191580640,1193,656.6397705078125,486.6932678222656
r_1775563557_191580640,1340,980.5692749023438,638.460205078125
r_1775563557_191580640,1341,1025.06103515625,644.0135498046875
r_1775563557_191580640,1342,1026.192626953125,683.2593383789062
r_1775563557_191580640,1343,981.2940673828125,675.885986328125
r_1775563557_291847960,1340,969.3119506835938,639.6079711914062
r_1775563557_291847960,1341,1013.0838623046875,644.896728515625
r_1775563557_291847960,1342,1014.300048828125,684.09033203125
r_1775563557_291847960,1343,969.8709106445312,676.8777465820312
r_1775563557_291847960,1300,273.6571350097656,626.1556396484375
r_1775563557_291847960,1301,311.96551513671875,622.54345703125
r_1775563557_291847960,1302,312.7477111816406,656.2083740234375
r_1775563557_291847960,1303,274.4096374511719,660.5244750976562
r_1775563557_291847960,1280,459.5207214355469,317.4566650390625
r_1775563557_291847960,1281,491.53436279296875,319.8279113769531
r_1775563557_291847960,1282,492.6304626464844,350.4382629394531
r_1775563557_291847960,1283,460.5816650390625,348.6778564453125
r_1775563557_291847960,1190,643.3397216796875,460.7859191894531
r_1775563557_291847960,1191,668.6380615234375,460.3288879394531
r_1775563557_291847960,1192,670.8170776367188,487.0446472167969
r_1775563557_291847960,1193,645.4666137695312,487.9142150878906
r_1775563557_391501263,1340,964.2662353515625,641.943603515625
r_1775563557_391501263,1341,1008.1134033203125,647.1881713867188
r_1775563557_391501263,1342,1009.544189453125,686.5073852539062
r_1775563557_391501263,1343,965.0255126953125,679.5367431640625
r_1775563557_391501263,1280,449.43157958984375,317.32330322265625
r_1775563557_391501263,1281,482.2115173339844,319.9625244140625
r_1775563557_391501263,1282,483.21917724609375,351.0211181640625
r_1775563557_391501263,1283,450.4162292480469,349.0157470703125
r_1775563557_391501263,1300,258.36004638671875,632.7633666992188
r_1775563557_391501263,1301,297.89471435546875,628.708251953125
r_1775563557_391501263,1302,298.6622314453125,663.3170166015625
r_1775563557_391501263,1303,258.98468017578125,668.1220703125
r_1775563557_391501263,1190,636.1596069335938,462.6784362792969
r_1775563557_391501263,1191,661.5010375976562,462.0442810058594
r_1775563557_391501263,1192,663.8733520507812,489.2550964355469
r_1775563557_391501263,1193,638.3055419921875,490.3070068359375
r_1775563557_491454935,1340,966.444580078125,647.7791137695312
r_1775563557_491454935,1341,1010.8919677734375,653.279541015625
r_1775563557_491454935,1342,1012.3284301757812,693.0164184570312
r_1775563557_491454935,1343,967.2567749023438,685.8333129882812
r_1775563557_491454935,1300,249.1138153076172,636.9611206054688
r_1775563557_491454935,1301,289.6697998046875,632.8798828125
r_1775563557_491454935,1302,290.4065246582031,668.081298828125
r_1775563557_491454935,1303,249.5760955810547,673.0587158203125
r_1775563557_491454935,1280,445.9742736816406,316.6751403808594
r_1775563557_491454935,1281,479.21881103515625,319.598388671875
r_1775563557_491454935,1282,480.2162170410156,351.1285095214844
r_1775563557_491454935,1283,446.96331787109375,348.8262023925781
r_1775563557_491454935,1190,634.4080200195312,464.8672790527344
r_1775563557_491454935,1191,660.2305297851562,464.3916015625
r_1775563557_491454935,1192,662.5939331054688,491.7377014160156
r_1775563557_491454935,1193,636.67822265625,492.7146301269531
r_1775563557_591553110,1300,228.84149169921875,642.8162841796875
r_1775563557_591553110,1301,271.3111572265625,638.4496459960938
r_1775563557_591553110,1302,271.5817565917969,674.6455688476562
r_1775563557_591553110,1303,228.97491455078125,679.9140625
r_1775563557_591553110,1340,959.0877075195312,652.6998291015625
r_1775563557_591553110,1341,1003.6270751953125,658.263671875
r_1775563557_591553110,1342,1004.972900390625,698.4271240234375
r_1775563557_591553110,1343,959.95849609375,691.1649780273438
r_1775563557_591553110,1280,434.4193115234375,315.6014709472656
r_1775563557_591553110,1281,468.5289001464844,318.8289489746094
r_1775563557_591553110,1282,469.396484375,350.8239440917969
r_1775563557_591553110,1283,435.3121032714844,348.443115234375
r_1775563557_591553110,1190,625.6570434570312,467.447509765625
r_1775563557_591553110,1191,651.585205078125,467.0333557128906
r_1775563557_591553110,1192,653.8592529296875,494.6338806152344
r_1775563557_591553110,1193,627.78564453125,495.510986328125
r_1775563557_691775961,1280,432.5890808105469,311.593994140625
r_1775563557_691775961,1281,467.2959289550781,315.0587463378906
r_1775563557_691775961,1282,468.1066589355469,347.583251953125
r_1775563557_691775961,1283,433.40069580078125,344.9421691894531
r_1775563557_691775961,1190,626.8248901367188,466.081298828125
r_1775563557_691775961,1191,653.30126953125,465.68096923828125
r_1775563557_691775961,1192,655.4163818359375,493.7431640625
r_1775563557_691775961,1193,629.0066528320312,494.66094970703125
r_1775563557_691775961,1300,223.2754364013672,644.5146484375
r_1775563557_691775961,1301,266.5753173828125,640.106689453125
r_1775563557_691775961,1302,266.7980041503906,676.8788452148438
r_1775563557_691775961,1303,223.4516143798828,682.3692016601562
r_1775563557_691775961,1340,966.6055297851562,654.7426147460938
r_1775563557_691775961,1341,1012.1798706054688,660.53515625
r_1775563557_691775961,1342,1013.6652221679688,701.5399169921875
r_1775563557_691775961,1343,967.549072265625,693.9956665039062
r_1775563557_791563273,1300,231.0015869140625,647.6843872070312
r_1775563557_791563273,1301,274.2276611328125,643.3748168945312
r_1775563557_791563273,1302,274.3843994140625,680.5740356445312
r_1775563557_791563273,1303,231.12042236328125,685.9566650390625
r_1775563557_791563273,1280,441.15069580078125,311.3437805175781
r_1775563557_791563273,1281,476.10711669921875,314.67803955078125
r_1775563557_791563273,1282,476.81219482421875,347.50543212890625
r_1775563557_791563273,1283,441.9024963378906,345.1280822753906
r_1775563557_791563273,1190,637.5867919921875,467.4946594238281
r_1775563557_791563273,1191,664.3234252929688,466.9969482421875
r_1775563557_791563273,1192,666.79345703125,495.61529541015625
r_1775563557_791563273,1193,639.7683715820312,496.5393371582031
r_1775563557_791563273,1340,989.2619018554688,661.7800903320312
r_1775563557_791563273,1341,1037.2138671875,668.1305541992188
r_1775563557_791563273,1342,1039.0948486328125,710.4874877929688
r_1775563557_791563273,1343,990.3153686523438,702.4539184570312
r_1775563557_891515218,1190,650.6718139648438,473.58892822265625
r_1775563557_891515218,1191,677.8031616210938,473.2115478515625
r_1775563557_891515218,1192,680.4343872070312,502.1329650878906
r_1775563557_891515218,1193,653.0086669921875,503.07977294921875
r_1775563557_891515218,1300,240.50929260253906,655.36474609375
r_1775563557_891515218,1301,283.733154296875,651.2210083007812
r_1775563557_891515218,1302,283.68206787109375,688.958984375
r_1775563557_891515218,1303,240.41854858398438,694.0943603515625
r_1775563557_891515218,1280,452.6231689453125,316.2317810058594
r_1775563557_891515218,1281,487.6232604980469,319.4539489746094
r_1775563557_891515218,1282,488.3876647949219,352.5735168457031
r_1775563557_891515218,1283,453.3125305175781,350.081298828125
r_1775563557_891515218,1340,1017.4016723632812,675.596435546875
r_1775563557_891515218,1341,1068.649658203125,682.8156127929688
r_1775563557_891515218,1342,1071.1209716796875,727.4362182617188
r_1775563557_891515218,1343,1018.808837890625,718.2705078125
r_1775563557_991590869,1280,457.6728515625,306.49658203125
r_1775563557_991590869,1281,493.3366394042969,309.6033630371094
r_1775563557_991590869,1282,494.274658203125,343.4239196777344
r_1775563557_991590869,1283,458.5144958496094,340.9826354980469
r_1775563557_991590869,1300,247.04714965820312,650.444580078125
r_1775563557_991590869,1301,290.3695983886719,646.1341552734375
r_1775563557_991590869,1302,290.62945556640625,684.009765625
r_1775563557_991590869,1303,247.2923583984375,689.181640625
r_1775563557_991590869,1190,659.7806396484375,466.1249694824219
r_1775563557_991590869,1191,687.4696044921875,465.6922302246094
r_1775563557_991590869,1192,690.1953125,495.20196533203125
r_1775563557_991590869,1193,662.079345703125,496.26934814453125
r_1775563557_991590869,1340,1037.833984375,673.0750122070312
r_1775563557_991590869,1341,1091.7039794921875,680.9635009765625
r_1775563557_991590869,1342,1094.2066650390625,726.6695556640625
r_1775563557_991590869,1343,1039.46337890625,716.7644653320312
r_1775563558_091618713,1300,266.47332763671875,651.42236328125
r_1775563558_091618713,1301,309.0367736816406,647.454833984375
r_1775563558_091618713,1302,309.4488220214844,685.3599853515625
r_1775563558_091618713,1303,266.7861022949219,690.3041381835938
r_1775563558_091618713,1280,473.7127685546875,305.5787658691406
r_1775563558_091618713,1281,509.59893798828125,308.1628112792969
r_1775563558_091618713,1282,510.5906982421875,342.4701232910156
r_1775563558_091618713,1283,474.7901916503906,340.4769592285156
r_1775563558_091618713,1190,678.666748046875,465.81927490234375
r_1775563558_091618713,1191,707.126220703125,465.35009765625
r_1775563558_091618713,1192,709.7713012695312,495.40234375
r_1775563558_091618713,1193,681.2481079101562,496.4490966796875
r_1775563558_091618713,1340,1077.3973388671875,681.2267456054688
r_1775563558_091618713,1341,1135.8665771484375,690.1112670898438
r_1775563558_091618713,1342,1138.677490234375,738.1998291015625
r_1775563558_091618713,1343,1079.549560546875,726.9428100585938
r_1775563558_191396525,1280,466.7836608886719,298.0504150390625
r_1775563558_191396525,1281,503.4187316894531,301.206787109375
r_1775563558_191396525,1282,504.28692626953125,336.12432861328125
r_1775563558_191396525,1283,467.6007080078125,333.70025634765625
r_1775563558_191396525,1190,674.5799560546875,462.79974365234375
r_1775563558_191396525,1191,703.3901977539062,462.4181213378906
r_1775563558_191396525,1192,705.91650390625,492.81097412109375
r_1775563558_191396525,1193,677.0438842773438,493.72296142578125
r_1775563558_191396525,1340,1075.816162109375,683.011474609375
r_1775563558_191396525,1341,1134.9150390625,692.2227783203125
r_1775563558_191396525,1342,1137.301513671875,740.8259887695312
r_1775563558_191396525,1343,1077.472900390625,729.20703125
r_1775563558_191396525,1300,253.34445190429688,649.9423217773438
r_1775563558_191396525,1301,296.98992919921875,645.9010009765625
r_1775563558_191396525,1302,297.34771728515625,684.494384765625
r_1775563558_191396525,1303,253.57151794433594,689.4356689453125
r_1775563558_291466379,1300,248.55029296875,652.0234375
r_1775563558_291466379,1301,292.9977722167969,648.0895385742188
r_1775563558_291466379,1302,293.2462158203125,687.1691284179688
r_1775563558_291466379,1303,248.7686309814453,692.1921997070312
r_1775563558_291466379,1280,466.1824035644531,295.4044189453125
r_1775563558_291466379,1281,503.1762390136719,298.5330810546875
r_1775563558_291466379,1282,504.0042419433594,333.9747619628906
r_1775563558_291466379,1283,466.81024169921875,331.6310119628906
r_1775563558_291466379,1190,676.6561279296875,463.0489501953125
r_1775563558_291466379,1191,705.6643676757812,462.7879333496094
r_1775563558_291466379,1192,708.3366088867188,493.5042419433594
r_1775563558_291466379,1193,679.0977172851562,494.2969665527344
r_1775563558_291466379,1340,1086.0950927734375,689.0286254882812
r_1775563558_291466379,1341,1147.2178955078125,699.06103515625
r_1775563558_291466379,1342,1149.6614990234375,748.891845703125
r_1775563558_291466379,1343,1087.8260498046875,736.3250122070312
r_1775563558_391390556,1280,450.4519348144531,293.5647888183594
r_1775563558_391390556,1281,488.592041015625,297.2458801269531
r_1775563558_391390556,1282,489.437255859375,333.2520751953125
r_1775563558_391390556,1283,451.3260498046875,330.5286560058594
r_1775563558_391390556,1300,223.8187713623047,659.503173828125
r_1775563558_391390556,1301,270.3092346191406,655.0280151367188
r_1775563558_391390556,1302,270.514404296875,695.4520263671875
r_1775563558_391390556,1303,223.83421325683594,700.8936767578125
r_1775563558_391390556,1190,665.017822265625,464.736083984375
r_1775563558_391390556,1191,694.2799682617188,464.5777587890625
r_1775563558_391390556,1192,696.8810424804688,495.7188415527344
r_1775563558_391390556,1193,667.3732299804688,496.6695556640625
r_1775563558_391390556,1340,1074.5767822265625,691.879638671875
r_1775563558_391390556,1341,1135.2200927734375,701.8689575195312
r_1775563558_391390556,1342,1137.8055419921875,751.9144287109375
r_1775563558_391390556,1343,1076.5318603515625,739.6853637695312
r_1775563558_491562813,1280,439.55523681640625,290.8501281738281
r_1775563558_491562813,1281,478.7547302246094,294.5903625488281
r_1775563558_491562813,1282,479.72674560546875,331.4148864746094
r_1775563558_491562813,1283,440.5669250488281,328.5642395019531
r_1775563558_491562813,1190,659.2755126953125,464.7091369628906
r_1775563558_491562813,1191,688.814697265625,464.4222106933594
r_1775563558_491562813,1192,691.5380249023438,495.9229431152344
r_1775563558_491562813,1193,661.72998046875,496.9900207519531
r_1775563558_491562813,1300,207.3191680908203,666.6027221679688
r_1775563558_491562813,1301,255.67173767089844,661.5496215820312
r_1775563558_491562813,1302,255.97750854492188,702.97119140625
r_1775563558_491562813,1303,207.6475830078125,709.1049194335938
r_1775563558_491562813,1340,1074.8858642578125,692.8162231445312
r_1775563558_491562813,1341,1136.330810546875,702.660888671875
r_1775563558_491562813,1342,1139.2938232421875,753.4552612304688
r_1775563558_491562813,1343,1077.402587890625,741.2007446289062
r_1775563558_591906862,1280,426.1100158691406,289.9649658203125
r_1775563558_591906862,1281,466.3124694824219,293.78314208984375
r_1775563558_591906862,1282,467.4774475097656,331.25689697265625
r_1775563558_591906862,1283,427.3041076660156,328.4496765136719
r_1775563558_591906862,1190,651.6043090820312,465.9477233886719
r_1775563558_591906862,1191,681.6442260742188,465.30609130859375
r_1775563558_591906862,1192,684.665283203125,497.2308044433594
r_1775563558_591906862,1193,654.4743041992188,498.5861511230469
r_1775563558_591906862,1300,187.62222290039062,677.505859375
r_1775563558_591906862,1301,237.9011993408203,671.5067749023438
r_1775563558_591906862,1302,238.5631866455078,714.3306884765625
r_1775563558_591906862,1303,188.229248046875,721.3700561523438
r_1775563558_591906862,1340,1074.0076904296875,693.5890502929688
r_1775563558_591906862,1341,1135.9013671875,702.8435668945312
r_1775563558_591906862,1342,1139.6318359375,754.3624267578125
r_1775563558_591906862,1343,1076.7960205078125,742.6795043945312
r_1775563558_691391552,1280,406.6790466308594,289.49560546875
r_1775563558_691391552,1281,448.3052673339844,293.48333740234375
r_1775563558_691391552,1282,449.6167297363281,331.75018310546875
r_1775563558_691391552,1283,408.0303955078125,328.7403259277344
r_1775563558_691391552,1190,638.4638061523438,468.93426513671875
r_1775563558_691391552,1191,668.905029296875,467.9632263183594
r_1775563558_691391552,1192,672.1198120117188,500.530029296875
r_1775563558_691391552,1193,641.4994506835938,502.1364440917969
r_1775563558_691391552,1300,156.70616149902344,691.12939453125
r_1775563558_691391552,1301,210.24185180664062,684.2595825195312
r_1775563558_691391552,1302,210.83250427246094,728.7103271484375
r_1775563558_691391552,1303,157.09860229492188,737.093505859375
r_1775563558_691391552,1340,1063.3013916015625,695.6342163085938
r_1775563558_691391552,1341,1124.52978515625,704.4241943359375
r_1775563558_691391552,1342,1128.8785400390625,756.32470703125
r_1775563558_691391552,1343,1066.614990234375,745.2177124023438
r_1775563558_791446115,1280,387.9333190917969,288.1969909667969
r_1775563558_791446115,1281,431.135009765625,292.81878662109375
r_1775563558_791446115,1282,432.44659423828125,331.9089050292969
r_1775563558_791446115,1283,389.2948913574219,328.5111083984375
r_1775563558_791446115,1190,625.5337524414062,472.4760437011719
r_1775563558_791446115,1191,656.3508911132812,471.68072509765625
r_1775563558_791446115,1192,659.5327758789062,504.5311279296875
r_1775563558_791446115,1193,628.5156860351562,506.1917419433594
r_1775563558_791446115,1300,122.58684539794922,704.2144775390625
r_1775563558_791446115,1301,179.7660675048828,696.279296875
r_1775563558_791446115,1302,180.1050567626953,742.634521484375
r_1775563558_791446115,1303,122.72860717773438,752.0868530273438
r_1775563558_791446115,1340,1051.693603515625,700.7462158203125
r_1775563558_791446115,1341,1112.4166259765625,709.1703491210938
r_1775563558_791446115,1342,1117.096923828125,761.4349975585938
r_1775563558_791446115,1343,1055.4208984375,750.5611572265625
r_1775563558_891783835,1280,366.7054443359375,283.3500671386719
r_1775563558_891783835,1281,411.7551574707031,288.52496337890625
r_1775563558_891783835,1282,413.1966247558594,328.6671447753906
r_1775563558_891783835,1283,368.1888732910156,324.8389587402344
r_1775563558_891783835,1190,611.8952026367188,472.5477294921875
r_1775563558_891783835,1191,643.2570190429688,471.6805114746094
r_1775563558_891783835,1192,646.5173950195312,505.0226135253906
r_1775563558_891783835,1193,615.1497192382812,506.7271423339844
r_1775563558_891783835,1300,86.91633605957031,715.7406616210938
r_1775563558_891783835,1301,148.1710968017578,706.5955200195312
r_1775563558_891783835,1302,148.64613342285156,754.9818115234375
r_1775563558_891783835,1303,87.23133850097656,766.0149536132812
r_1775563558_891783835,1340,1039.5977783203125,700.54638671875
r_1775563558_891783835,1341,1099.6048583984375,708.594970703125
r_1775563558_891783835,1342,1104.5367431640625,760.6720581054688
r_1775563558_891783835,1343,1043.474609375,750.5799560546875
r_1775563558_991588555,1280,343.1170959472656,281.0613708496094
r_1775563558_991588555,1281,389.9447937011719,286.41082763671875
r_1775563558_991588555,1282,391.77337646484375,327.6538391113281
r_1775563558_991588555,1283,344.7959289550781,323.7432556152344
r_1775563558_991588555,1190,597.5821533203125,473.7728271484375
r_1775563558_991588555,1191,629.2915649414062,472.6225891113281
r_1775563558_991588555,1192,632.9799194335938,506.43988037109375
r_1775563558_991588555,1193,601.157958984375,508.4014587402344
r_1775563558_991588555,1301,114.97711944580078,721.9443359375
r_1775563558_991588555,1302,115.75856018066406,772.48388671875
r_1775563558_991588555,1303,49.580055236816406,785.581787109375
r_1775563558_991588555,1340,1028.2230224609375,699.1788330078125
r_1775563558_991588555,1341,1087.770751953125,706.292724609375
r_1775563558_991588555,1342,1093.10498046875,758.5493774414062
r_1775563558_991588555,1343,1032.731689453125,749.2154541015625
r_1775563559_092009138,1280,319.22796630859375,269.9700927734375
r_1775563559_092009138,1281,368.46820068359375,276.1230773925781
r_1775563559_092009138,1282,370.527099609375,318.7039794921875
r_1775563559_092009138,1283,321.1897888183594,314.32012939453125
r_1775563559_092009138,1190,583.3504028320312,469.6243591308594
r_1775563559_092009138,1191,615.5336303710938,468.4912414550781
r_1775563559_092009138,1192,619.2625732421875,502.7347106933594
r_1775563559_092009138,1193,586.9252319335938,504.84234619140625
r_1775563559_092009138,1340,1014.5192260742188,695.7584838867188
r_1775563559_092009138,1341,1073.178466796875,702.6320190429688
r_1775563559_092009138,1342,1078.15087890625,754.7195434570312
r_1775563559_092009138,1343,1018.6461791992188,745.7232666015625
r_1775563559_191678379,1280,301.8222351074219,263.5845031738281
r_1775563559_191678379,1281,353.1375427246094,270.4465637207031
r_1775563559_191678379,1282,354.98077392578125,314.32000732421875
r_1775563559_191678379,1283,303.6737365722656,309.2498474121094
r_1775563559_191678379,1190,573.5239868164062,469.8504943847656
r_1775563559_191678379,1191,606.417236328125,468.8253173828125
r_1775563559_191678379,1192,610.1300048828125,503.6667175292969
r_1775563559_191678379,1193,577.0972290039062,505.78375244140625
r_1775563559_191678379,1340,1008.2706909179688,700.4741821289062
r_1775563559_191678379,1341,1067.225830078125,707.4778442382812
r_1775563559_191678379,1342,1072.1376953125,760.2637939453125
r_1775563559_191678379,1343,1012.370361328125,751.0421142578125
r_1775563559_291674415,1340,1007.7106323242188,705.757080078125
r_1775563559_291674415,1341,1067.5670166015625,712.8670654296875
r_1775563559_291674415,1342,1072.7269287109375,766.5476684570312
r_1775563559_291674415,1343,1012.0203857421875,757.3157348632812
r_1775563559_291674415,1280,285.61309814453125,259.4328918457031
r_1775563559_291674415,1281,338.92083740234375,266.82635498046875
r_1775563559_291674415,1282,340.92254638671875,311.78997802734375
r_1775563559_291674415,1283,287.5572509765625,306.3851623535156
r_1775563559_291674415,1190,565.8650512695312,471.3448181152344
r_1775563559_291674415,1191,599.392333984375,470.23681640625
r_1775563559_291674415,1192,603.1238403320312,505.5679626464844
r_1775563559_291674415,1193,569.3869018554688,507.8654479980469
r_1775563559_391550185,1280,280.2347717285156,255.44943237304688
r_1775563559_391550185,1281,334.6961669921875,262.7577209472656
r_1775563559_391550185,1282,336.79217529296875,308.6725769042969
r_1775563559_391550185,1283,282.2384033203125,303.1420593261719
r_1775563559_391550185,1190,567.34521484375,470.84747314453125
r_1775563559_391550185,1191,601.4501953125,469.58734130859375
r_1775563559_391550185,1192,605.2731323242188,505.71160888671875
r_1775563559_391550185,1193,570.9356689453125,508.0628356933594
r_1775563559_391550185,1340,1021.9308471679688,711.5269165039062
r_1775563559_391550185,1341,1084.3565673828125,719.0947875976562
r_1775563559_391550185,1342,1089.9951171875,774.7637329101562
r_1775563559_391550185,1343,1026.48583984375,764.8216552734375
r_1775563559_491983536,1340,1047.4091796875,727.7057495117188
r_1775563559_491983536,1341,1114.114501953125,736.6132202148438
r_1775563559_491983536,1342,1120.708740234375,795.4754028320312
r_1775563559_491983536,1343,1052.45751953125,783.8487548828125
r_1775563559_491983536,1280,285.33929443359375,257.388671875
r_1775563559_491983536,1281,340.2193603515625,264.8558654785156
r_1775563559_491983536,1282,341.9263000488281,310.94012451171875
r_1775563559_491983536,1283,287.0279846191406,305.6152038574219
r_1775563559_491983536,1190,574.8955078125,475.4054870605469
r_1775563559_491983536,1191,609.877685546875,474.3570861816406
r_1775563559_491983536,1192,613.6572265625,510.9981384277344
r_1775563559_491983536,1193,578.4988403320312,513.4041137695312
r_1775563559_591621286,1280,300.19171142578125,259.30010986328125
r_1775563559_591621286,1281,354.7884826660156,266.6857604980469
r_1775563559_591621286,1282,355.8746337890625,313.065185546875
r_1775563559_591621286,1283,301.2728271484375,307.4832458496094
r_1775563559_591621286,1190,589.2162475585938,480.39605712890625
r_1775563559_591621286,1191,624.7648315429688,479.4140625
r_1775563559_591621286,1192,628.3221435546875,516.9981689453125
r_1775563559_591621286,1193,592.4901123046875,519.0098266601562
r_1775563559_591621286,1340,1084.4669189453125,751.4671020507812
r_1775563559_591621286,1341,1157.4873046875,762.9330444335938
r_1775563559_591621286,1342,1164.8822021484375,826.3150024414062
r_1775563559_591621286,1343,1090.3360595703125,811.3886108398438
r_1775563559_691547997,1280,297.1383056640625,247.9303436279297
r_1775563559_691547997,1281,352.96282958984375,255.7761993408203
r_1775563559_691547997,1282,353.8932189941406,303.34918212890625
r_1775563559_691547997,1283,298.03070068359375,297.3077697753906
r_1775563559_691547997,1190,591.6793212890625,475.63897705078125
r_1775563559_691547997,1191,628.1038818359375,474.95404052734375
r_1775563559_691547997,1192,631.3538208007812,513.3485107421875
r_1775563559_691547997,1193,594.81103515625,515.08447265625
r_1775563559_791596074,1280,297.7293395996094,245.653564453125
r_1775563559_791596074,1281,354.1632995605469,253.10162353515625
r_1775563559_791596074,1282,355.41815185546875,301.2386779785156
r_1775563559_791596074,1283,298.8414001464844,295.65008544921875
r_1775563559_791596074,1190,598.2172241210938,474.60906982421875
r_1775563559_791596074,1191,635.2359619140625,473.7889099121094
r_1775563559_791596074,1192,638.7330322265625,512.743408203125
r_1775563559_791596074,1193,601.5142822265625,514.6701049804688
r_1775563559_891938859,1280,281.7690124511719,235.21180725097656
r_1775563559_891938859,1281,340.3047790527344,243.37303161621094
r_1775563559_891938859,1282,341.64801025390625,292.99664306640625
r_1775563559_891938859,1283,283.0491638183594,286.7198791503906
r_1775563559_891938859,1190,591.1021118164062,471.4050598144531
r_1775563559_891938859,1191,628.758544921875,470.54425048828125
r_1775563559_891938859,1192,632.2511596679688,510.1921081542969
r_1775563559_891938859,1193,594.3269653320312,512.0436401367188
r_1775563559_891938859,1340,1124.5318603515625,769.9115600585938
r_1775563559_891938859,1341,1207.5283203125,785.0946655273438
r_1775563559_891938859,1342,1215.009033203125,854.6104125976562
r_1775563559_891938859,1343,1130.78857421875,835.1679077148438
r_1775563559_991822036,1190,585.0934448242188,468.7405090332031
r_1775563559_991822036,1191,623.5523681640625,468.05615234375
r_1775563559_991822036,1192,626.8372802734375,508.23553466796875
r_1775563559_991822036,1193,588.2987060546875,510.2661437988281
r_1775563559_991822036,1280,267.997802734375,225.47372436523438
r_1775563559_991822036,1281,328.56390380859375,234.37002563476562
r_1775563559_991822036,1282,329.83111572265625,285.22222900390625
r_1775563559_991822036,1283,269.1148376464844,278.4378356933594
r_1775563559_991822036,1340,1123.55224609375,773.8442993164062
r_1775563559_991822036,1341,1207.5208740234375,789.6749877929688
r_1775563559_991822036,1342,1214.6990966796875,860.2365112304688
r_1775563559_991822036,1343,1129.3997802734375,839.817138671875
r_1775563560_091912035,1190,580.7477416992188,470.341064453125
r_1775563560_091912035,1191,619.7509765625,469.6402893066406
r_1775563560_091912035,1192,622.8786010742188,510.4696960449219
r_1775563560_091912035,1193,583.7258911132812,512.2259521484375
r_1775563560_091912035,1280,257.285888671875,220.76979064941406
r_1775563560_091912035,1281,319.4884033203125,230.42147827148438
r_1775563560_091912035,1282,320.5995788574219,282.2026062011719
r_1775563560_091912035,1283,258.1852722167969,274.7698059082031
r_1775563560_091912035,1340,1127.184326171875,783.26318359375
r_1775563560_091912035,1341,1212.81298828125,799.9038696289062
r_1775563560_091912035,1342,1220.1650390625,872.15380859375
r_1775563560_091912035,1343,1133.028564453125,850.7333984375
r_1775563560_192050143,1190,568.3186645507812,468.9098815917969
r_1775563560_192050143,1191,607.9603271484375,468.3559265136719
r_1775563560_192050143,1192,611.2976684570312,509.7218017578125
r_1775563560_192050143,1193,571.32958984375,511.62396240234375
r_1775563560_192050143,1280,233.09620666503906,211.30111694335938
r_1775563560_192050143,1281,298.39642333984375,221.89663696289062
r_1775563560_192050143,1282,299.5287780761719,275.2666320800781
r_1775563560_192050143,1283,234.1293487548828,267.0467834472656
r_1775563560_192050143,1340,1116.5185546875,782.8756103515625
r_1775563560_192050143,1341,1201.4534912109375,799.074462890625
r_1775563560_192050143,1342,1208.7154541015625,871.2866821289062
r_1775563560_192050143,1343,1122.2999267578125,850.656982421875
r_1775563560_291978367,1190,560.2621459960938,467.5115661621094
r_1775563560_291978367,1191,600.5553588867188,466.6361389160156
r_1775563560_291978367,1192,604.1597290039062,508.5860595703125
r_1775563560_291978367,1193,563.5025024414062,510.89703369140625
r_1775563560_291978367,1280,212.4893035888672,203.7240753173828
r_1775563560_291978367,1281,280.5084533691406,215.02517700195312
r_1775563560_291978367,1282,282.1609191894531,269.8568115234375
r_1775563560_291978367,1283,213.93980407714844,261.2533874511719
r_1775563560_391644512,1190,549.6648559570312,468.6081237792969
r_1775563560_391644512,1191,590.7059326171875,467.6452941894531
r_1775563560_391644512,1192,594.4907836914062,510.353515625
r_1775563560_391644512,1193,553.150146484375,512.6552124023438
r_1775563560_391644512,1280,189.3944091796875,197.36083984375
r_1775563560_391644512,1281,260.6428527832031,209.46664428710938
r_1775563560_391644512,1282,262.3229064941406,265.8321838378906
r_1775563560_391644512,1283,190.8934783935547,256.46435546875
r_1775563560_391644512,1340,1110.3922119140625,783.412841796875
r_1775563560_391644512,1341,1195.6248779296875,798.4166870117188
r_1775563560_391644512,1342,1203.8773193359375,871.919189453125
r_1775563560_391644512,1343,1116.953125,852.5293579101562
r_1775563560_491827104,1190,545.3629760742188,472.3446960449219
r_1775563560_491827104,1191,586.9464721679688,471.58056640625
r_1775563560_491827104,1192,590.638671875,514.6150512695312
r_1775563560_491827104,1193,548.6997680664062,516.9950561523438
r_1775563560_491827104,1280,177.55726623535156,193.8473663330078
r_1775563560_491827104,1281,251.08969116210938,207.06431579589844
r_1775563560_491827104,1282,252.36892700195312,264.4112548828125
r_1775563560_491827104,1283,178.75814819335938,254.3140869140625
r_1775563560_491827104,1340,1114.5599365234375,793.8275756835938
r_1775563560_491827104,1341,1201.171875,809.4534301757812
r_1775563560_491827104,1342,1209.9957275390625,884.479736328125
r_1775563560_491827104,1343,1120.94287109375,864.6069946289062
r_1775563560_591676261,1190,533.8422241210938,471.8053894042969
r_1775563560_591676261,1191,576.1121826171875,471.2079162597656
r_1775563560_591676261,1192,579.6358032226562,514.8592529296875
r_1775563560_591676261,1193,537.0130004882812,517.2189331054688
r_1775563560_591676261,1280,152.2614288330078,182.15969848632812
r_1775563560_591676261,1281,229.8800811767578,197.1933135986328
r_1775563560_591676261,1282,231.0342254638672,256.4981384277344
r_1775563560_591676261,1283,153.3385009765625,244.84930419921875
r_1775563560_591676261,1340,1103.54931640625,794.594970703125
r_1775563560_591676261,1341,1188.796630859375,809.5206298828125
r_1775563560_591676261,1342,1197.46875,884.5152587890625
r_1775563560_591676261,1343,1109.8057861328125,865.3564453125
